name_elements,price_elements
NIKE AIR JORDAN 12 RETRO ЧЕРНО-БЕЛЫЕ (40-45),6 690 руб.
NIKE AIR JORDAN 12 RETRO ЧЕРНО-БЕЛЫЕ (40-45),6 690 руб.
NIKE AIR JORDAN 12 RETRO ЧЕРНО-БЕЛЫЕ (40-45),6 690 руб.
NIKE AIR JORDAN 12 RETRO ЧЕРНО-БЕЛЫЕ (40-45),6 690 руб.
NIKE AIR JORDAN 12 RETRO ЧЕРНО-БЕЛЫЕ (40-45),6 690 руб.
NIKE AIR JORDAN 12 RETRO ЧЕРНО-БЕЛЫЕ (40-45),6 690 руб.
NIKE AIR JORDAN 12 RETRO ЧЕРНО-БЕЛЫЕ (40-45),6 690 руб.
NIKE AIR JORDAN 12 RETRO ЧЕРНО-БЕЛЫЕ (40-45),6 690 руб.
NIKE AIR JORDAN 12 RETRO ЧЕРНО-БЕЛЫЕ (40-45),6 690 руб.
NIKE AIR JORDAN 12 RETRO ЧЕРНО-БЕЛЫЕ (40-45),6 690 руб.
NIKE AIR JORDAN 12 RETRO ЧЕРНО-БЕЛЫЕ (40-45),6 690 руб.
NIKE AIR JORDAN 12 RETRO ЧЕРНО-БЕЛЫЕ (40-45),6 690 руб.
NIKE AIR JORDAN 12 RETRO ЧЕРНО-БЕЛЫЕ (40-45),6 690 руб.
NIKE AIR JORDAN 12 RETRO ЧЕРНО-БЕЛЫЕ (40-45),6 690 руб.
NIKE AIR JORDAN 12 RETRO ЧЕРНО-БЕЛЫЕ (40-45),6 690 руб.
NIKE AIR JORDAN 12 RETRO ЧЕРНО-БЕЛЫЕ (40-45),6 690 руб.
NIKE AIR JORDAN 12 RETRO ЧЕРНО-БЕЛЫЕ (40-45),6 690 руб.
NIKE AIR JORDAN 12 RETRO ЧЕРНО-БЕЛЫЕ (40-45),6 690 руб.
NIKE AIR JORDAN 12 RETRO ЧЕРНО-БЕЛЫЕ (40-45),6 690 руб.
NIKE AIR JORDAN 12 RETRO ЧЕРНО-БЕЛЫЕ (40-45),6 690 руб.
NIKE AIR JORDAN 12 RETRO ЧЕРНО-БЕЛЫЕ (40-45),6 690 руб.
NIKE AIR JORDAN 12 RETRO ЧЕРНО-БЕЛЫЕ (40-45),6 690 руб.
NIKE AIR JORDAN 12 RETRO ЧЕРНО-БЕЛЫЕ (40-45),6 690 руб.
NIKE AIR JORDAN 12 RETRO ЧЕРНО-БЕЛЫЕ (40-45),6 690 руб.
NIKE AIR JORDAN 12 RETRO ЧЕРНО-БЕЛЫЕ (40-45),6 690 руб.
NIKE AIR JORDAN 12 RETRO ЧЕРНО-БЕЛЫЕ (40-45),6 690 руб.
NIKE AIR JORDAN 12 RETRO ЧЕРНО-БЕЛЫЕ (40-45),6 690 руб.
NIKE AIR JORDAN 12 RETRO ЧЕРНО-БЕЛЫЕ (40-45),6 690 руб.
NIKE AIR JORDAN 12 RETRO ЧЕРНО-БЕЛЫЕ (40-45),6 690 руб.
NIKE AIR JORDAN 12 RETRO ЧЕРНО-БЕЛЫЕ (40-45),6 690 руб.
КРОССОВКИ VERSACE CHAIN REACTION ЧЕРНЫЕ 35-44,7 490 руб.
КРОССОВКИ VERSACE CHAIN REACTION ЧЕРНЫЕ 35-44,7 490 руб.
КРОССОВКИ VERSACE CHAIN REACTION ЧЕРНЫЕ 35-44,7 490 руб.
КРОССОВКИ VERSACE CHAIN REACTION ЧЕРНЫЕ 35-44,7 490 руб.
КРОССОВКИ VERSACE CHAIN REACTION ЧЕРНЫЕ 35-44,7 490 руб.
КРОССОВКИ VERSACE CHAIN REACTION ЧЕРНЫЕ 35-44,7 490 руб.
КРОССОВКИ VERSACE CHAIN REACTION ЧЕРНЫЕ 35-44,7 490 руб.
КРОССОВКИ VERSACE CHAIN REACTION ЧЕРНЫЕ 35-44,7 490 руб.
КРОССОВКИ VERSACE CHAIN REACTION ЧЕРНЫЕ 35-44,7 490 руб.
КРОССОВКИ VERSACE CHAIN REACTION ЧЕРНЫЕ 35-44,7 490 руб.
КРОССОВКИ VERSACE CHAIN REACTION ЧЕРНЫЕ 35-44,7 490 руб.
КРОССОВКИ VERSACE CHAIN REACTION ЧЕРНЫЕ 35-44,7 490 руб.
КРОССОВКИ VERSACE CHAIN REACTION ЧЕРНЫЕ 35-44,7 490 руб.
КРОССОВКИ VERSACE CHAIN REACTION ЧЕРНЫЕ 35-44,7 490 руб.
КРОССОВКИ VERSACE CHAIN REACTION ЧЕРНЫЕ 35-44,7 490 руб.
КРОССОВКИ VERSACE CHAIN REACTION ЧЕРНЫЕ 35-44,7 490 руб.
КРОССОВКИ VERSACE CHAIN REACTION ЧЕРНЫЕ 35-44,7 490 руб.
КРОССОВКИ VERSACE CHAIN REACTION ЧЕРНЫЕ 35-44,7 490 руб.
КРОССОВКИ VERSACE CHAIN REACTION ЧЕРНЫЕ 35-44,7 490 руб.
КРОССОВКИ VERSACE CHAIN REACTION ЧЕРНЫЕ 35-44,7 490 руб.
КРОССОВКИ VERSACE CHAIN REACTION ЧЕРНЫЕ 35-44,7 490 руб.
КРОССОВКИ VERSACE CHAIN REACTION ЧЕРНЫЕ 35-44,7 490 руб.
КРОССОВКИ VERSACE CHAIN REACTION ЧЕРНЫЕ 35-44,7 490 руб.
КРОССОВКИ VERSACE CHAIN REACTION ЧЕРНЫЕ 35-44,7 490 руб.
КРОССОВКИ VERSACE CHAIN REACTION ЧЕРНЫЕ 35-44,7 490 руб.
КРОССОВКИ VERSACE CHAIN REACTION ЧЕРНЫЕ 35-44,7 490 руб.
КРОССОВКИ VERSACE CHAIN REACTION ЧЕРНЫЕ 35-44,7 490 руб.
КРОССОВКИ VERSACE CHAIN REACTION ЧЕРНЫЕ 35-44,7 490 руб.
КРОССОВКИ VERSACE CHAIN REACTION ЧЕРНЫЕ 35-44,7 490 руб.
КРОССОВКИ VERSACE CHAIN REACTION ЧЕРНЫЕ 35-44,7 490 руб.
КРОССОВКИ NIKE M2K TEKNO БЕЖЕВЫЕ С ЖЕЛТЫМ (35-39),5 990 руб.
КРОССОВКИ NIKE M2K TEKNO БЕЖЕВЫЕ С ЖЕЛТЫМ (35-39),5 990 руб.
КРОССОВКИ NIKE M2K TEKNO БЕЖЕВЫЕ С ЖЕЛТЫМ (35-39),5 990 руб.
КРОССОВКИ NIKE M2K TEKNO БЕЖЕВЫЕ С ЖЕЛТЫМ (35-39),5 990 руб.
КРОССОВКИ NIKE M2K TEKNO БЕЖЕВЫЕ С ЖЕЛТЫМ (35-39),5 990 руб.
КРОССОВКИ NIKE M2K TEKNO БЕЖЕВЫЕ С ЖЕЛТЫМ (35-39),5 990 руб.
КРОССОВКИ NIKE M2K TEKNO БЕЖЕВЫЕ С ЖЕЛТЫМ (35-39),5 990 руб.
КРОССОВКИ NIKE M2K TEKNO БЕЖЕВЫЕ С ЖЕЛТЫМ (35-39),5 990 руб.
КРОССОВКИ NIKE M2K TEKNO БЕЖЕВЫЕ С ЖЕЛТЫМ (35-39),5 990 руб.
КРОССОВКИ NIKE M2K TEKNO БЕЖЕВЫЕ С ЖЕЛТЫМ (35-39),5 990 руб.
КРОССОВКИ NIKE M2K TEKNO БЕЖЕВЫЕ С ЖЕЛТЫМ (35-39),5 990 руб.
КРОССОВКИ NIKE M2K TEKNO БЕЖЕВЫЕ С ЖЕЛТЫМ (35-39),5 990 руб.
КРОССОВКИ NIKE M2K TEKNO БЕЖЕВЫЕ С ЖЕЛТЫМ (35-39),5 990 руб.
КРОССОВКИ NIKE M2K TEKNO БЕЖЕВЫЕ С ЖЕЛТЫМ (35-39),5 990 руб.
КРОССОВКИ NIKE M2K TEKNO БЕЖЕВЫЕ С ЖЕЛТЫМ (35-39),5 990 руб.
КРОССОВКИ NIKE M2K TEKNO БЕЖЕВЫЕ С ЖЕЛТЫМ (35-39),5 990 руб.
КРОССОВКИ NIKE M2K TEKNO БЕЖЕВЫЕ С ЖЕЛТЫМ (35-39),5 990 руб.
КРОССОВКИ NIKE M2K TEKNO БЕЖЕВЫЕ С ЖЕЛТЫМ (35-39),5 990 руб.
КРОССОВКИ NIKE M2K TEKNO БЕЖЕВЫЕ С ЖЕЛТЫМ (35-39),5 990 руб.
КРОССОВКИ NIKE M2K TEKNO БЕЖЕВЫЕ С ЖЕЛТЫМ (35-39),5 990 руб.
КРОССОВКИ NIKE M2K TEKNO БЕЖЕВЫЕ С ЖЕЛТЫМ (35-39),5 990 руб.
КРОССОВКИ NIKE M2K TEKNO БЕЖЕВЫЕ С ЖЕЛТЫМ (35-39),5 990 руб.
КРОССОВКИ NIKE M2K TEKNO БЕЖЕВЫЕ С ЖЕЛТЫМ (35-39),5 990 руб.
КРОССОВКИ NIKE M2K TEKNO БЕЖЕВЫЕ С ЖЕЛТЫМ (35-39),5 990 руб.
КРОССОВКИ NIKE M2K TEKNO БЕЖЕВЫЕ С ЖЕЛТЫМ (35-39),5 990 руб.
КРОССОВКИ NIKE M2K TEKNO БЕЖЕВЫЕ С ЖЕЛТЫМ (35-39),5 990 руб.
КРОССОВКИ NIKE M2K TEKNO БЕЖЕВЫЕ С ЖЕЛТЫМ (35-39),5 990 руб.
КРОССОВКИ NIKE M2K TEKNO БЕЖЕВЫЕ С ЖЕЛТЫМ (35-39),5 990 руб.
КРОССОВКИ NIKE M2K TEKNO БЕЖЕВЫЕ С ЖЕЛТЫМ (35-39),5 990 руб.
КРОССОВКИ NIKE M2K TEKNO БЕЖЕВЫЕ С ЖЕЛТЫМ (35-39),5 990 руб.
NIKE AIR VAPORMAX PLUS TN ФИОЛЕТОВЫЕ 36-40,6 290 руб.
NIKE AIR VAPORMAX PLUS TN ФИОЛЕТОВЫЕ 36-40,6 290 руб.
NIKE AIR VAPORMAX PLUS TN ФИОЛЕТОВЫЕ 36-40,6 290 руб.
NIKE AIR VAPORMAX PLUS TN ФИОЛЕТОВЫЕ 36-40,6 290 руб.
NIKE AIR VAPORMAX PLUS TN ФИОЛЕТОВЫЕ 36-40,6 290 руб.
NIKE AIR VAPORMAX PLUS TN ФИОЛЕТОВЫЕ 36-40,6 290 руб.
NIKE AIR VAPORMAX PLUS TN ФИОЛЕТОВЫЕ 36-40,6 290 руб.
NIKE AIR VAPORMAX PLUS TN ФИОЛЕТОВЫЕ 36-40,6 290 руб.
NIKE AIR VAPORMAX PLUS TN ФИОЛЕТОВЫЕ 36-40,6 290 руб.
NIKE AIR VAPORMAX PLUS TN ФИОЛЕТОВЫЕ 36-40,6 290 руб.
NIKE AIR VAPORMAX PLUS TN ФИОЛЕТОВЫЕ 36-40,6 290 руб.
NIKE AIR VAPORMAX PLUS TN ФИОЛЕТОВЫЕ 36-40,6 290 руб.
NIKE AIR VAPORMAX PLUS TN ФИОЛЕТОВЫЕ 36-40,6 290 руб.
NIKE AIR VAPORMAX PLUS TN ФИОЛЕТОВЫЕ 36-40,6 290 руб.
NIKE AIR VAPORMAX PLUS TN ФИОЛЕТОВЫЕ 36-40,6 290 руб.
NIKE AIR VAPORMAX PLUS TN ФИОЛЕТОВЫЕ 36-40,6 290 руб.
NIKE AIR VAPORMAX PLUS TN ФИОЛЕТОВЫЕ 36-40,6 290 руб.
NIKE AIR VAPORMAX PLUS TN ФИОЛЕТОВЫЕ 36-40,6 290 руб.
NIKE AIR VAPORMAX PLUS TN ФИОЛЕТОВЫЕ 36-40,6 290 руб.
NIKE AIR VAPORMAX PLUS TN ФИОЛЕТОВЫЕ 36-40,6 290 руб.
NIKE AIR VAPORMAX PLUS TN ФИОЛЕТОВЫЕ 36-40,6 290 руб.
NIKE AIR VAPORMAX PLUS TN ФИОЛЕТОВЫЕ 36-40,6 290 руб.
NIKE AIR VAPORMAX PLUS TN ФИОЛЕТОВЫЕ 36-40,6 290 руб.
NIKE AIR VAPORMAX PLUS TN ФИОЛЕТОВЫЕ 36-40,6 290 руб.
NIKE AIR VAPORMAX PLUS TN ФИОЛЕТОВЫЕ 36-40,6 290 руб.
NIKE AIR VAPORMAX PLUS TN ФИОЛЕТОВЫЕ 36-40,6 290 руб.
NIKE AIR VAPORMAX PLUS TN ФИОЛЕТОВЫЕ 36-40,6 290 руб.
NIKE AIR VAPORMAX PLUS TN ФИОЛЕТОВЫЕ 36-40,6 290 руб.
NIKE AIR VAPORMAX PLUS TN ФИОЛЕТОВЫЕ 36-40,6 290 руб.
NIKE AIR VAPORMAX PLUS TN ФИОЛЕТОВЫЕ 36-40,6 290 руб.
КРОССОВКИ ADIDAS SHARKS ЧЕРНЫЕ (35-44),5 890 руб.
КРОССОВКИ ADIDAS SHARKS ЧЕРНЫЕ (35-44),5 890 руб.
КРОССОВКИ ADIDAS SHARKS ЧЕРНЫЕ (35-44),5 890 руб.
КРОССОВКИ ADIDAS SHARKS ЧЕРНЫЕ (35-44),5 890 руб.
КРОССОВКИ ADIDAS SHARKS ЧЕРНЫЕ (35-44),5 890 руб.
КРОССОВКИ ADIDAS SHARKS ЧЕРНЫЕ (35-44),5 890 руб.
КРОССОВКИ ADIDAS SHARKS ЧЕРНЫЕ (35-44),5 890 руб.
КРОССОВКИ ADIDAS SHARKS ЧЕРНЫЕ (35-44),5 890 руб.
КРОССОВКИ ADIDAS SHARKS ЧЕРНЫЕ (35-44),5 890 руб.
КРОССОВКИ ADIDAS SHARKS ЧЕРНЫЕ (35-44),5 890 руб.
КРОССОВКИ ADIDAS SHARKS ЧЕРНЫЕ (35-44),5 890 руб.
КРОССОВКИ ADIDAS SHARKS ЧЕРНЫЕ (35-44),5 890 руб.
КРОССОВКИ ADIDAS SHARKS ЧЕРНЫЕ (35-44),5 890 руб.
КРОССОВКИ ADIDAS SHARKS ЧЕРНЫЕ (35-44),5 890 руб.
КРОССОВКИ ADIDAS SHARKS ЧЕРНЫЕ (35-44),5 890 руб.
КРОССОВКИ ADIDAS SHARKS ЧЕРНЫЕ (35-44),5 890 руб.
КРОССОВКИ ADIDAS SHARKS ЧЕРНЫЕ (35-44),5 890 руб.
КРОССОВКИ ADIDAS SHARKS ЧЕРНЫЕ (35-44),5 890 руб.
КРОССОВКИ ADIDAS SHARKS ЧЕРНЫЕ (35-44),5 890 руб.
КРОССОВКИ ADIDAS SHARKS ЧЕРНЫЕ (35-44),5 890 руб.
КРОССОВКИ ADIDAS SHARKS ЧЕРНЫЕ (35-44),5 890 руб.
КРОССОВКИ ADIDAS SHARKS ЧЕРНЫЕ (35-44),5 890 руб.
КРОССОВКИ ADIDAS SHARKS ЧЕРНЫЕ (35-44),5 890 руб.
КРОССОВКИ ADIDAS SHARKS ЧЕРНЫЕ (35-44),5 890 руб.
КРОССОВКИ ADIDAS SHARKS ЧЕРНЫЕ (35-44),5 890 руб.
КРОССОВКИ ADIDAS SHARKS ЧЕРНЫЕ (35-44),5 890 руб.
КРОССОВКИ ADIDAS SHARKS ЧЕРНЫЕ (35-44),5 890 руб.
КРОССОВКИ ADIDAS SHARKS ЧЕРНЫЕ (35-44),5 890 руб.
КРОССОВКИ ADIDAS SHARKS ЧЕРНЫЕ (35-44),5 890 руб.
КРОССОВКИ ADIDAS SHARKS ЧЕРНЫЕ (35-44),5 890 руб.
NIKE AIR MAX 720 ЧЕРНЫЕ МУЖСКИЕ (40-44),5 890 руб.
NIKE AIR MAX 720 ЧЕРНЫЕ МУЖСКИЕ (40-44),5 890 руб.
NIKE AIR MAX 720 ЧЕРНЫЕ МУЖСКИЕ (40-44),5 890 руб.
NIKE AIR MAX 720 ЧЕРНЫЕ МУЖСКИЕ (40-44),5 890 руб.
NIKE AIR MAX 720 ЧЕРНЫЕ МУЖСКИЕ (40-44),5 890 руб.
NIKE AIR MAX 720 ЧЕРНЫЕ МУЖСКИЕ (40-44),5 890 руб.
NIKE AIR MAX 720 ЧЕРНЫЕ МУЖСКИЕ (40-44),5 890 руб.
NIKE AIR MAX 720 ЧЕРНЫЕ МУЖСКИЕ (40-44),5 890 руб.
NIKE AIR MAX 720 ЧЕРНЫЕ МУЖСКИЕ (40-44),5 890 руб.
NIKE AIR MAX 720 ЧЕРНЫЕ МУЖСКИЕ (40-44),5 890 руб.
NIKE AIR MAX 720 ЧЕРНЫЕ МУЖСКИЕ (40-44),5 890 руб.
NIKE AIR MAX 720 ЧЕРНЫЕ МУЖСКИЕ (40-44),5 890 руб.
NIKE AIR MAX 720 ЧЕРНЫЕ МУЖСКИЕ (40-44),5 890 руб.
NIKE AIR MAX 720 ЧЕРНЫЕ МУЖСКИЕ (40-44),5 890 руб.
NIKE AIR MAX 720 ЧЕРНЫЕ МУЖСКИЕ (40-44),5 890 руб.
NIKE AIR MAX 720 ЧЕРНЫЕ МУЖСКИЕ (40-44),5 890 руб.
NIKE AIR MAX 720 ЧЕРНЫЕ МУЖСКИЕ (40-44),5 890 руб.
NIKE AIR MAX 720 ЧЕРНЫЕ МУЖСКИЕ (40-44),5 890 руб.
NIKE AIR MAX 720 ЧЕРНЫЕ МУЖСКИЕ (40-44),5 890 руб.
NIKE AIR MAX 720 ЧЕРНЫЕ МУЖСКИЕ (40-44),5 890 руб.
NIKE AIR MAX 720 ЧЕРНЫЕ МУЖСКИЕ (40-44),5 890 руб.
NIKE AIR MAX 720 ЧЕРНЫЕ МУЖСКИЕ (40-44),5 890 руб.
NIKE AIR MAX 720 ЧЕРНЫЕ МУЖСКИЕ (40-44),5 890 руб.
NIKE AIR MAX 720 ЧЕРНЫЕ МУЖСКИЕ (40-44),5 890 руб.
NIKE AIR MAX 720 ЧЕРНЫЕ МУЖСКИЕ (40-44),5 890 руб.
NIKE AIR MAX 720 ЧЕРНЫЕ МУЖСКИЕ (40-44),5 890 руб.
NIKE AIR MAX 720 ЧЕРНЫЕ МУЖСКИЕ (40-44),5 890 руб.
NIKE AIR MAX 720 ЧЕРНЫЕ МУЖСКИЕ (40-44),5 890 руб.
NIKE AIR MAX 720 ЧЕРНЫЕ МУЖСКИЕ (40-44),5 890 руб.
NIKE AIR MAX 720 ЧЕРНЫЕ МУЖСКИЕ (40-44),5 890 руб.
КРОССОВКИ VERSACE CHAIN REACTION КРАСНЫЕ 35-39,7 490 руб.
КРОССОВКИ VERSACE CHAIN REACTION КРАСНЫЕ 35-39,7 490 руб.
КРОССОВКИ VERSACE CHAIN REACTION КРАСНЫЕ 35-39,7 490 руб.
КРОССОВКИ VERSACE CHAIN REACTION КРАСНЫЕ 35-39,7 490 руб.
КРОССОВКИ VERSACE CHAIN REACTION КРАСНЫЕ 35-39,7 490 руб.
КРОССОВКИ VERSACE CHAIN REACTION КРАСНЫЕ 35-39,7 490 руб.
КРОССОВКИ VERSACE CHAIN REACTION КРАСНЫЕ 35-39,7 490 руб.
КРОССОВКИ VERSACE CHAIN REACTION КРАСНЫЕ 35-39,7 490 руб.
КРОССОВКИ VERSACE CHAIN REACTION КРАСНЫЕ 35-39,7 490 руб.
КРОССОВКИ VERSACE CHAIN REACTION КРАСНЫЕ 35-39,7 490 руб.
КРОССОВКИ VERSACE CHAIN REACTION КРАСНЫЕ 35-39,7 490 руб.
КРОССОВКИ VERSACE CHAIN REACTION КРАСНЫЕ 35-39,7 490 руб.
КРОССОВКИ VERSACE CHAIN REACTION КРАСНЫЕ 35-39,7 490 руб.
КРОССОВКИ VERSACE CHAIN REACTION КРАСНЫЕ 35-39,7 490 руб.
КРОССОВКИ VERSACE CHAIN REACTION КРАСНЫЕ 35-39,7 490 руб.
КРОССОВКИ VERSACE CHAIN REACTION КРАСНЫЕ 35-39,7 490 руб.
КРОССОВКИ VERSACE CHAIN REACTION КРАСНЫЕ 35-39,7 490 руб.
КРОССОВКИ VERSACE CHAIN REACTION КРАСНЫЕ 35-39,7 490 руб.
КРОССОВКИ VERSACE CHAIN REACTION КРАСНЫЕ 35-39,7 490 руб.
КРОССОВКИ VERSACE CHAIN REACTION КРАСНЫЕ 35-39,7 490 руб.
КРОССОВКИ VERSACE CHAIN REACTION КРАСНЫЕ 35-39,7 490 руб.
КРОССОВКИ VERSACE CHAIN REACTION КРАСНЫЕ 35-39,7 490 руб.
КРОССОВКИ VERSACE CHAIN REACTION КРАСНЫЕ 35-39,7 490 руб.
КРОССОВКИ VERSACE CHAIN REACTION КРАСНЫЕ 35-39,7 490 руб.
КРОССОВКИ VERSACE CHAIN REACTION КРАСНЫЕ 35-39,7 490 руб.
КРОССОВКИ VERSACE CHAIN REACTION КРАСНЫЕ 35-39,7 490 руб.
КРОССОВКИ VERSACE CHAIN REACTION КРАСНЫЕ 35-39,7 490 руб.
КРОССОВКИ VERSACE CHAIN REACTION КРАСНЫЕ 35-39,7 490 руб.
КРОССОВКИ VERSACE CHAIN REACTION КРАСНЫЕ 35-39,7 490 руб.
КРОССОВКИ VERSACE CHAIN REACTION КРАСНЫЕ 35-39,7 490 руб.
NIKE AIR JORDAN 13 RETRO ЧЕРНЫЕ С БЕЛЫМ И КРАСНЫМ (40-45),6 390 руб.
NIKE AIR JORDAN 13 RETRO ЧЕРНЫЕ С БЕЛЫМ И КРАСНЫМ (40-45),6 390 руб.
NIKE AIR JORDAN 13 RETRO ЧЕРНЫЕ С БЕЛЫМ И КРАСНЫМ (40-45),6 390 руб.
NIKE AIR JORDAN 13 RETRO ЧЕРНЫЕ С БЕЛЫМ И КРАСНЫМ (40-45),6 390 руб.
NIKE AIR JORDAN 13 RETRO ЧЕРНЫЕ С БЕЛЫМ И КРАСНЫМ (40-45),6 390 руб.
NIKE AIR JORDAN 13 RETRO ЧЕРНЫЕ С БЕЛЫМ И КРАСНЫМ (40-45),6 390 руб.
NIKE AIR JORDAN 13 RETRO ЧЕРНЫЕ С БЕЛЫМ И КРАСНЫМ (40-45),6 390 руб.
NIKE AIR JORDAN 13 RETRO ЧЕРНЫЕ С БЕЛЫМ И КРАСНЫМ (40-45),6 390 руб.
NIKE AIR JORDAN 13 RETRO ЧЕРНЫЕ С БЕЛЫМ И КРАСНЫМ (40-45),6 390 руб.
NIKE AIR JORDAN 13 RETRO ЧЕРНЫЕ С БЕЛЫМ И КРАСНЫМ (40-45),6 390 руб.
NIKE AIR JORDAN 13 RETRO ЧЕРНЫЕ С БЕЛЫМ И КРАСНЫМ (40-45),6 390 руб.
NIKE AIR JORDAN 13 RETRO ЧЕРНЫЕ С БЕЛЫМ И КРАСНЫМ (40-45),6 390 руб.
NIKE AIR JORDAN 13 RETRO ЧЕРНЫЕ С БЕЛЫМ И КРАСНЫМ (40-45),6 390 руб.
NIKE AIR JORDAN 13 RETRO ЧЕРНЫЕ С БЕЛЫМ И КРАСНЫМ (40-45),6 390 руб.
NIKE AIR JORDAN 13 RETRO ЧЕРНЫЕ С БЕЛЫМ И КРАСНЫМ (40-45),6 390 руб.
NIKE AIR JORDAN 13 RETRO ЧЕРНЫЕ С БЕЛЫМ И КРАСНЫМ (40-45),6 390 руб.
NIKE AIR JORDAN 13 RETRO ЧЕРНЫЕ С БЕЛЫМ И КРАСНЫМ (40-45),6 390 руб.
NIKE AIR JORDAN 13 RETRO ЧЕРНЫЕ С БЕЛЫМ И КРАСНЫМ (40-45),6 390 руб.
NIKE AIR JORDAN 13 RETRO ЧЕРНЫЕ С БЕЛЫМ И КРАСНЫМ (40-45),6 390 руб.
NIKE AIR JORDAN 13 RETRO ЧЕРНЫЕ С БЕЛЫМ И КРАСНЫМ (40-45),6 390 руб.
NIKE AIR JORDAN 13 RETRO ЧЕРНЫЕ С БЕЛЫМ И КРАСНЫМ (40-45),6 390 руб.
NIKE AIR JORDAN 13 RETRO ЧЕРНЫЕ С БЕЛЫМ И КРАСНЫМ (40-45),6 390 руб.
NIKE AIR JORDAN 13 RETRO ЧЕРНЫЕ С БЕЛЫМ И КРАСНЫМ (40-45),6 390 руб.
NIKE AIR JORDAN 13 RETRO ЧЕРНЫЕ С БЕЛЫМ И КРАСНЫМ (40-45),6 390 руб.
NIKE AIR JORDAN 13 RETRO ЧЕРНЫЕ С БЕЛЫМ И КРАСНЫМ (40-45),6 390 руб.
NIKE AIR JORDAN 13 RETRO ЧЕРНЫЕ С БЕЛЫМ И КРАСНЫМ (40-45),6 390 руб.
NIKE AIR JORDAN 13 RETRO ЧЕРНЫЕ С БЕЛЫМ И КРАСНЫМ (40-45),6 390 руб.
NIKE AIR JORDAN 13 RETRO ЧЕРНЫЕ С БЕЛЫМ И КРАСНЫМ (40-45),6 390 руб.
NIKE AIR JORDAN 13 RETRO ЧЕРНЫЕ С БЕЛЫМ И КРАСНЫМ (40-45),6 390 руб.
NIKE AIR JORDAN 13 RETRO ЧЕРНЫЕ С БЕЛЫМ И КРАСНЫМ (40-45),6 390 руб.
ADIDAS TUBULAR SHADOW KNIT ЧЕРНЫЕ С БЕЛЫМ (35-44),5 990 руб.
ADIDAS TUBULAR SHADOW KNIT ЧЕРНЫЕ С БЕЛЫМ (35-44),5 990 руб.
ADIDAS TUBULAR SHADOW KNIT ЧЕРНЫЕ С БЕЛЫМ (35-44),5 990 руб.
ADIDAS TUBULAR SHADOW KNIT ЧЕРНЫЕ С БЕЛЫМ (35-44),5 990 руб.
ADIDAS TUBULAR SHADOW KNIT ЧЕРНЫЕ С БЕЛЫМ (35-44),5 990 руб.
ADIDAS TUBULAR SHADOW KNIT ЧЕРНЫЕ С БЕЛЫМ (35-44),5 990 руб.
ADIDAS TUBULAR SHADOW KNIT ЧЕРНЫЕ С БЕЛЫМ (35-44),5 990 руб.
ADIDAS TUBULAR SHADOW KNIT ЧЕРНЫЕ С БЕЛЫМ (35-44),5 990 руб.
ADIDAS TUBULAR SHADOW KNIT ЧЕРНЫЕ С БЕЛЫМ (35-44),5 990 руб.
ADIDAS TUBULAR SHADOW KNIT ЧЕРНЫЕ С БЕЛЫМ (35-44),5 990 руб.
ADIDAS TUBULAR SHADOW KNIT ЧЕРНЫЕ С БЕЛЫМ (35-44),5 990 руб.
ADIDAS TUBULAR SHADOW KNIT ЧЕРНЫЕ С БЕЛЫМ (35-44),5 990 руб.
ADIDAS TUBULAR SHADOW KNIT ЧЕРНЫЕ С БЕЛЫМ (35-44),5 990 руб.
ADIDAS TUBULAR SHADOW KNIT ЧЕРНЫЕ С БЕЛЫМ (35-44),5 990 руб.
ADIDAS TUBULAR SHADOW KNIT ЧЕРНЫЕ С БЕЛЫМ (35-44),5 990 руб.
ADIDAS TUBULAR SHADOW KNIT ЧЕРНЫЕ С БЕЛЫМ (35-44),5 990 руб.
ADIDAS TUBULAR SHADOW KNIT ЧЕРНЫЕ С БЕЛЫМ (35-44),5 990 руб.
ADIDAS TUBULAR SHADOW KNIT ЧЕРНЫЕ С БЕЛЫМ (35-44),5 990 руб.
ADIDAS TUBULAR SHADOW KNIT ЧЕРНЫЕ С БЕЛЫМ (35-44),5 990 руб.
ADIDAS TUBULAR SHADOW KNIT ЧЕРНЫЕ С БЕЛЫМ (35-44),5 990 руб.
ADIDAS TUBULAR SHADOW KNIT ЧЕРНЫЕ С БЕЛЫМ (35-44),5 990 руб.
ADIDAS TUBULAR SHADOW KNIT ЧЕРНЫЕ С БЕЛЫМ (35-44),5 990 руб.
ADIDAS TUBULAR SHADOW KNIT ЧЕРНЫЕ С БЕЛЫМ (35-44),5 990 руб.
ADIDAS TUBULAR SHADOW KNIT ЧЕРНЫЕ С БЕЛЫМ (35-44),5 990 руб.
ADIDAS TUBULAR SHADOW KNIT ЧЕРНЫЕ С БЕЛЫМ (35-44),5 990 руб.
ADIDAS TUBULAR SHADOW KNIT ЧЕРНЫЕ С БЕЛЫМ (35-44),5 990 руб.
ADIDAS TUBULAR SHADOW KNIT ЧЕРНЫЕ С БЕЛЫМ (35-44),5 990 руб.
ADIDAS TUBULAR SHADOW KNIT ЧЕРНЫЕ С БЕЛЫМ (35-44),5 990 руб.
ADIDAS TUBULAR SHADOW KNIT ЧЕРНЫЕ С БЕЛЫМ (35-44),5 990 руб.
ADIDAS TUBULAR SHADOW KNIT ЧЕРНЫЕ С БЕЛЫМ (35-44),5 990 руб.
ADIDAS X PHARRELL WILLIAMS TENNIS HU МАЛИНОВЫЕ С БЕЛЫМ (35-39),5 690 руб.
ADIDAS X PHARRELL WILLIAMS TENNIS HU МАЛИНОВЫЕ С БЕЛЫМ (35-39),5 690 руб.
ADIDAS X PHARRELL WILLIAMS TENNIS HU МАЛИНОВЫЕ С БЕЛЫМ (35-39),5 690 руб.
ADIDAS X PHARRELL WILLIAMS TENNIS HU МАЛИНОВЫЕ С БЕЛЫМ (35-39),5 690 руб.
ADIDAS X PHARRELL WILLIAMS TENNIS HU МАЛИНОВЫЕ С БЕЛЫМ (35-39),5 690 руб.
ADIDAS X PHARRELL WILLIAMS TENNIS HU МАЛИНОВЫЕ С БЕЛЫМ (35-39),5 690 руб.
ADIDAS X PHARRELL WILLIAMS TENNIS HU МАЛИНОВЫЕ С БЕЛЫМ (35-39),5 690 руб.
ADIDAS X PHARRELL WILLIAMS TENNIS HU МАЛИНОВЫЕ С БЕЛЫМ (35-39),5 690 руб.
ADIDAS X PHARRELL WILLIAMS TENNIS HU МАЛИНОВЫЕ С БЕЛЫМ (35-39),5 690 руб.
ADIDAS X PHARRELL WILLIAMS TENNIS HU МАЛИНОВЫЕ С БЕЛЫМ (35-39),5 690 руб.
ADIDAS X PHARRELL WILLIAMS TENNIS HU МАЛИНОВЫЕ С БЕЛЫМ (35-39),5 690 руб.
ADIDAS X PHARRELL WILLIAMS TENNIS HU МАЛИНОВЫЕ С БЕЛЫМ (35-39),5 690 руб.
ADIDAS X PHARRELL WILLIAMS TENNIS HU МАЛИНОВЫЕ С БЕЛЫМ (35-39),5 690 руб.
ADIDAS X PHARRELL WILLIAMS TENNIS HU МАЛИНОВЫЕ С БЕЛЫМ (35-39),5 690 руб.
ADIDAS X PHARRELL WILLIAMS TENNIS HU МАЛИНОВЫЕ С БЕЛЫМ (35-39),5 690 руб.
ADIDAS X PHARRELL WILLIAMS TENNIS HU МАЛИНОВЫЕ С БЕЛЫМ (35-39),5 690 руб.
ADIDAS X PHARRELL WILLIAMS TENNIS HU МАЛИНОВЫЕ С БЕЛЫМ (35-39),5 690 руб.
ADIDAS X PHARRELL WILLIAMS TENNIS HU МАЛИНОВЫЕ С БЕЛЫМ (35-39),5 690 руб.
ADIDAS X PHARRELL WILLIAMS TENNIS HU МАЛИНОВЫЕ С БЕЛЫМ (35-39),5 690 руб.
ADIDAS X PHARRELL WILLIAMS TENNIS HU МАЛИНОВЫЕ С БЕЛЫМ (35-39),5 690 руб.
ADIDAS X PHARRELL WILLIAMS TENNIS HU МАЛИНОВЫЕ С БЕЛЫМ (35-39),5 690 руб.
ADIDAS X PHARRELL WILLIAMS TENNIS HU МАЛИНОВЫЕ С БЕЛЫМ (35-39),5 690 руб.
ADIDAS X PHARRELL WILLIAMS TENNIS HU МАЛИНОВЫЕ С БЕЛЫМ (35-39),5 690 руб.
ADIDAS X PHARRELL WILLIAMS TENNIS HU МАЛИНОВЫЕ С БЕЛЫМ (35-39),5 690 руб.
ADIDAS X PHARRELL WILLIAMS TENNIS HU МАЛИНОВЫЕ С БЕЛЫМ (35-39),5 690 руб.
ADIDAS X PHARRELL WILLIAMS TENNIS HU МАЛИНОВЫЕ С БЕЛЫМ (35-39),5 690 руб.
ADIDAS X PHARRELL WILLIAMS TENNIS HU МАЛИНОВЫЕ С БЕЛЫМ (35-39),5 690 руб.
ADIDAS X PHARRELL WILLIAMS TENNIS HU МАЛИНОВЫЕ С БЕЛЫМ (35-39),5 690 руб.
ADIDAS X PHARRELL WILLIAMS TENNIS HU МАЛИНОВЫЕ С БЕЛЫМ (35-39),5 690 руб.
ADIDAS X PHARRELL WILLIAMS TENNIS HU МАЛИНОВЫЕ С БЕЛЫМ (35-39),5 690 руб.
ADIDAS GAZELLE LEATHER БЕЛЫЕ С ЧЕРНЫМ (40-44),5 190 руб.
ADIDAS GAZELLE LEATHER БЕЛЫЕ С ЧЕРНЫМ (40-44),5 190 руб.
ADIDAS GAZELLE LEATHER БЕЛЫЕ С ЧЕРНЫМ (40-44),5 190 руб.
ADIDAS GAZELLE LEATHER БЕЛЫЕ С ЧЕРНЫМ (40-44),5 190 руб.
ADIDAS GAZELLE LEATHER БЕЛЫЕ С ЧЕРНЫМ (40-44),5 190 руб.
ADIDAS GAZELLE LEATHER БЕЛЫЕ С ЧЕРНЫМ (40-44),5 190 руб.
ADIDAS GAZELLE LEATHER БЕЛЫЕ С ЧЕРНЫМ (40-44),5 190 руб.
ADIDAS GAZELLE LEATHER БЕЛЫЕ С ЧЕРНЫМ (40-44),5 190 руб.
ADIDAS GAZELLE LEATHER БЕЛЫЕ С ЧЕРНЫМ (40-44),5 190 руб.
ADIDAS GAZELLE LEATHER БЕЛЫЕ С ЧЕРНЫМ (40-44),5 190 руб.
ADIDAS GAZELLE LEATHER БЕЛЫЕ С ЧЕРНЫМ (40-44),5 190 руб.
ADIDAS GAZELLE LEATHER БЕЛЫЕ С ЧЕРНЫМ (40-44),5 190 руб.
ADIDAS GAZELLE LEATHER БЕЛЫЕ С ЧЕРНЫМ (40-44),5 190 руб.
ADIDAS GAZELLE LEATHER БЕЛЫЕ С ЧЕРНЫМ (40-44),5 190 руб.
ADIDAS GAZELLE LEATHER БЕЛЫЕ С ЧЕРНЫМ (40-44),5 190 руб.
ADIDAS GAZELLE LEATHER БЕЛЫЕ С ЧЕРНЫМ (40-44),5 190 руб.
ADIDAS GAZELLE LEATHER БЕЛЫЕ С ЧЕРНЫМ (40-44),5 190 руб.
ADIDAS GAZELLE LEATHER БЕЛЫЕ С ЧЕРНЫМ (40-44),5 190 руб.
ADIDAS GAZELLE LEATHER БЕЛЫЕ С ЧЕРНЫМ (40-44),5 190 руб.
ADIDAS GAZELLE LEATHER БЕЛЫЕ С ЧЕРНЫМ (40-44),5 190 руб.
ADIDAS GAZELLE LEATHER БЕЛЫЕ С ЧЕРНЫМ (40-44),5 190 руб.
ADIDAS GAZELLE LEATHER БЕЛЫЕ С ЧЕРНЫМ (40-44),5 190 руб.
ADIDAS GAZELLE LEATHER БЕЛЫЕ С ЧЕРНЫМ (40-44),5 190 руб.
ADIDAS GAZELLE LEATHER БЕЛЫЕ С ЧЕРНЫМ (40-44),5 190 руб.
ADIDAS GAZELLE LEATHER БЕЛЫЕ С ЧЕРНЫМ (40-44),5 190 руб.
ADIDAS GAZELLE LEATHER БЕЛЫЕ С ЧЕРНЫМ (40-44),5 190 руб.
ADIDAS GAZELLE LEATHER БЕЛЫЕ С ЧЕРНЫМ (40-44),5 190 руб.
ADIDAS GAZELLE LEATHER БЕЛЫЕ С ЧЕРНЫМ (40-44),5 190 руб.
ADIDAS GAZELLE LEATHER БЕЛЫЕ С ЧЕРНЫМ (40-44),5 190 руб.
ADIDAS GAZELLE LEATHER БЕЛЫЕ С ЧЕРНЫМ (40-44),5 190 руб.
ADIDAS DEERUPT RUNNER ЧЕРНЫЕ С ОРАНЖЕВЫМ (35-39),5 790 руб.
ADIDAS DEERUPT RUNNER ЧЕРНЫЕ С ОРАНЖЕВЫМ (35-39),5 790 руб.
ADIDAS DEERUPT RUNNER ЧЕРНЫЕ С ОРАНЖЕВЫМ (35-39),5 790 руб.
ADIDAS DEERUPT RUNNER ЧЕРНЫЕ С ОРАНЖЕВЫМ (35-39),5 790 руб.
ADIDAS DEERUPT RUNNER ЧЕРНЫЕ С ОРАНЖЕВЫМ (35-39),5 790 руб.
ADIDAS DEERUPT RUNNER ЧЕРНЫЕ С ОРАНЖЕВЫМ (35-39),5 790 руб.
ADIDAS DEERUPT RUNNER ЧЕРНЫЕ С ОРАНЖЕВЫМ (35-39),5 790 руб.
ADIDAS DEERUPT RUNNER ЧЕРНЫЕ С ОРАНЖЕВЫМ (35-39),5 790 руб.
ADIDAS DEERUPT RUNNER ЧЕРНЫЕ С ОРАНЖЕВЫМ (35-39),5 790 руб.
ADIDAS DEERUPT RUNNER ЧЕРНЫЕ С ОРАНЖЕВЫМ (35-39),5 790 руб.
ADIDAS DEERUPT RUNNER ЧЕРНЫЕ С ОРАНЖЕВЫМ (35-39),5 790 руб.
ADIDAS DEERUPT RUNNER ЧЕРНЫЕ С ОРАНЖЕВЫМ (35-39),5 790 руб.
ADIDAS DEERUPT RUNNER ЧЕРНЫЕ С ОРАНЖЕВЫМ (35-39),5 790 руб.
ADIDAS DEERUPT RUNNER ЧЕРНЫЕ С ОРАНЖЕВЫМ (35-39),5 790 руб.
ADIDAS DEERUPT RUNNER ЧЕРНЫЕ С ОРАНЖЕВЫМ (35-39),5 790 руб.
ADIDAS DEERUPT RUNNER ЧЕРНЫЕ С ОРАНЖЕВЫМ (35-39),5 790 руб.
ADIDAS DEERUPT RUNNER ЧЕРНЫЕ С ОРАНЖЕВЫМ (35-39),5 790 руб.
ADIDAS DEERUPT RUNNER ЧЕРНЫЕ С ОРАНЖЕВЫМ (35-39),5 790 руб.
ADIDAS DEERUPT RUNNER ЧЕРНЫЕ С ОРАНЖЕВЫМ (35-39),5 790 руб.
ADIDAS DEERUPT RUNNER ЧЕРНЫЕ С ОРАНЖЕВЫМ (35-39),5 790 руб.
ADIDAS DEERUPT RUNNER ЧЕРНЫЕ С ОРАНЖЕВЫМ (35-39),5 790 руб.
ADIDAS DEERUPT RUNNER ЧЕРНЫЕ С ОРАНЖЕВЫМ (35-39),5 790 руб.
ADIDAS DEERUPT RUNNER ЧЕРНЫЕ С ОРАНЖЕВЫМ (35-39),5 790 руб.
ADIDAS DEERUPT RUNNER ЧЕРНЫЕ С ОРАНЖЕВЫМ (35-39),5 790 руб.
ADIDAS DEERUPT RUNNER ЧЕРНЫЕ С ОРАНЖЕВЫМ (35-39),5 790 руб.
ADIDAS DEERUPT RUNNER ЧЕРНЫЕ С ОРАНЖЕВЫМ (35-39),5 790 руб.
ADIDAS DEERUPT RUNNER ЧЕРНЫЕ С ОРАНЖЕВЫМ (35-39),5 790 руб.
ADIDAS DEERUPT RUNNER ЧЕРНЫЕ С ОРАНЖЕВЫМ (35-39),5 790 руб.
ADIDAS DEERUPT RUNNER ЧЕРНЫЕ С ОРАНЖЕВЫМ (35-39),5 790 руб.
ADIDAS DEERUPT RUNNER ЧЕРНЫЕ С ОРАНЖЕВЫМ (35-39),5 790 руб.
ADIDAS HAMBURG ЧЕРНЫЕ С ЖЕЛТЫМ (39-44),5 090 руб.
ADIDAS HAMBURG ЧЕРНЫЕ С ЖЕЛТЫМ (39-44),5 090 руб.
ADIDAS HAMBURG ЧЕРНЫЕ С ЖЕЛТЫМ (39-44),5 090 руб.
ADIDAS HAMBURG ЧЕРНЫЕ С ЖЕЛТЫМ (39-44),5 090 руб.
ADIDAS HAMBURG ЧЕРНЫЕ С ЖЕЛТЫМ (39-44),5 090 руб.
ADIDAS HAMBURG ЧЕРНЫЕ С ЖЕЛТЫМ (39-44),5 090 руб.
ADIDAS HAMBURG ЧЕРНЫЕ С ЖЕЛТЫМ (39-44),5 090 руб.
ADIDAS HAMBURG ЧЕРНЫЕ С ЖЕЛТЫМ (39-44),5 090 руб.
ADIDAS HAMBURG ЧЕРНЫЕ С ЖЕЛТЫМ (39-44),5 090 руб.
ADIDAS HAMBURG ЧЕРНЫЕ С ЖЕЛТЫМ (39-44),5 090 руб.
ADIDAS HAMBURG ЧЕРНЫЕ С ЖЕЛТЫМ (39-44),5 090 руб.
ADIDAS HAMBURG ЧЕРНЫЕ С ЖЕЛТЫМ (39-44),5 090 руб.
ADIDAS HAMBURG ЧЕРНЫЕ С ЖЕЛТЫМ (39-44),5 090 руб.
ADIDAS HAMBURG ЧЕРНЫЕ С ЖЕЛТЫМ (39-44),5 090 руб.
ADIDAS HAMBURG ЧЕРНЫЕ С ЖЕЛТЫМ (39-44),5 090 руб.
ADIDAS HAMBURG ЧЕРНЫЕ С ЖЕЛТЫМ (39-44),5 090 руб.
ADIDAS HAMBURG ЧЕРНЫЕ С ЖЕЛТЫМ (39-44),5 090 руб.
ADIDAS HAMBURG ЧЕРНЫЕ С ЖЕЛТЫМ (39-44),5 090 руб.
ADIDAS HAMBURG ЧЕРНЫЕ С ЖЕЛТЫМ (39-44),5 090 руб.
ADIDAS HAMBURG ЧЕРНЫЕ С ЖЕЛТЫМ (39-44),5 090 руб.
ADIDAS HAMBURG ЧЕРНЫЕ С ЖЕЛТЫМ (39-44),5 090 руб.
ADIDAS HAMBURG ЧЕРНЫЕ С ЖЕЛТЫМ (39-44),5 090 руб.
ADIDAS HAMBURG ЧЕРНЫЕ С ЖЕЛТЫМ (39-44),5 090 руб.
ADIDAS HAMBURG ЧЕРНЫЕ С ЖЕЛТЫМ (39-44),5 090 руб.
ADIDAS HAMBURG ЧЕРНЫЕ С ЖЕЛТЫМ (39-44),5 090 руб.
ADIDAS HAMBURG ЧЕРНЫЕ С ЖЕЛТЫМ (39-44),5 090 руб.
ADIDAS HAMBURG ЧЕРНЫЕ С ЖЕЛТЫМ (39-44),5 090 руб.
ADIDAS HAMBURG ЧЕРНЫЕ С ЖЕЛТЫМ (39-44),5 090 руб.
ADIDAS HAMBURG ЧЕРНЫЕ С ЖЕЛТЫМ (39-44),5 090 руб.
ADIDAS HAMBURG ЧЕРНЫЕ С ЖЕЛТЫМ (39-44),5 090 руб.
ADIDAS YEEZY BOOST 700 GREY СЕРЫЕ (35-44),6 590 руб.
ADIDAS YEEZY BOOST 700 GREY СЕРЫЕ (35-44),6 590 руб.
ADIDAS YEEZY BOOST 700 GREY СЕРЫЕ (35-44),6 590 руб.
ADIDAS YEEZY BOOST 700 GREY СЕРЫЕ (35-44),6 590 руб.
ADIDAS YEEZY BOOST 700 GREY СЕРЫЕ (35-44),6 590 руб.
ADIDAS YEEZY BOOST 700 GREY СЕРЫЕ (35-44),6 590 руб.
ADIDAS YEEZY BOOST 700 GREY СЕРЫЕ (35-44),6 590 руб.
ADIDAS YEEZY BOOST 700 GREY СЕРЫЕ (35-44),6 590 руб.
ADIDAS YEEZY BOOST 700 GREY СЕРЫЕ (35-44),6 590 руб.
ADIDAS YEEZY BOOST 700 GREY СЕРЫЕ (35-44),6 590 руб.
ADIDAS YEEZY BOOST 700 GREY СЕРЫЕ (35-44),6 590 руб.
ADIDAS YEEZY BOOST 700 GREY СЕРЫЕ (35-44),6 590 руб.
ADIDAS YEEZY BOOST 700 GREY СЕРЫЕ (35-44),6 590 руб.
ADIDAS YEEZY BOOST 700 GREY СЕРЫЕ (35-44),6 590 руб.
ADIDAS YEEZY BOOST 700 GREY СЕРЫЕ (35-44),6 590 руб.
ADIDAS YEEZY BOOST 700 GREY СЕРЫЕ (35-44),6 590 руб.
ADIDAS YEEZY BOOST 700 GREY СЕРЫЕ (35-44),6 590 руб.
ADIDAS YEEZY BOOST 700 GREY СЕРЫЕ (35-44),6 590 руб.
ADIDAS YEEZY BOOST 700 GREY СЕРЫЕ (35-44),6 590 руб.
ADIDAS YEEZY BOOST 700 GREY СЕРЫЕ (35-44),6 590 руб.
ADIDAS YEEZY BOOST 700 GREY СЕРЫЕ (35-44),6 590 руб.
ADIDAS YEEZY BOOST 700 GREY СЕРЫЕ (35-44),6 590 руб.
ADIDAS YEEZY BOOST 700 GREY СЕРЫЕ (35-44),6 590 руб.
ADIDAS YEEZY BOOST 700 GREY СЕРЫЕ (35-44),6 590 руб.
ADIDAS YEEZY BOOST 700 GREY СЕРЫЕ (35-44),6 590 руб.
ADIDAS YEEZY BOOST 700 GREY СЕРЫЕ (35-44),6 590 руб.
ADIDAS YEEZY BOOST 700 GREY СЕРЫЕ (35-44),6 590 руб.
ADIDAS YEEZY BOOST 700 GREY СЕРЫЕ (35-44),6 590 руб.
ADIDAS YEEZY BOOST 700 GREY СЕРЫЕ (35-44),6 590 руб.
ADIDAS YEEZY BOOST 700 GREY СЕРЫЕ (35-44),6 590 руб.
NIKE AIR MAX 95 WHITE (35-45),5 890 руб.
NIKE AIR MAX 95 WHITE (35-45),5 890 руб.
NIKE AIR MAX 95 WHITE (35-45),5 890 руб.
NIKE AIR MAX 95 WHITE (35-45),5 890 руб.
NIKE AIR MAX 95 WHITE (35-45),5 890 руб.
NIKE AIR MAX 95 WHITE (35-45),5 890 руб.
NIKE AIR MAX 95 WHITE (35-45),5 890 руб.
NIKE AIR MAX 95 WHITE (35-45),5 890 руб.
NIKE AIR MAX 95 WHITE (35-45),5 890 руб.
NIKE AIR MAX 95 WHITE (35-45),5 890 руб.
NIKE AIR MAX 95 WHITE (35-45),5 890 руб.
NIKE AIR MAX 95 WHITE (35-45),5 890 руб.
NIKE AIR MAX 95 WHITE (35-45),5 890 руб.
NIKE AIR MAX 95 WHITE (35-45),5 890 руб.
NIKE AIR MAX 95 WHITE (35-45),5 890 руб.
NIKE AIR MAX 95 WHITE (35-45),5 890 руб.
NIKE AIR MAX 95 WHITE (35-45),5 890 руб.
NIKE AIR MAX 95 WHITE (35-45),5 890 руб.
NIKE AIR MAX 95 WHITE (35-45),5 890 руб.
NIKE AIR MAX 95 WHITE (35-45),5 890 руб.
NIKE AIR MAX 95 WHITE (35-45),5 890 руб.
NIKE AIR MAX 95 WHITE (35-45),5 890 руб.
NIKE AIR MAX 95 WHITE (35-45),5 890 руб.
NIKE AIR MAX 95 WHITE (35-45),5 890 руб.
NIKE AIR MAX 95 WHITE (35-45),5 890 руб.
NIKE AIR MAX 95 WHITE (35-45),5 890 руб.
NIKE AIR MAX 95 WHITE (35-45),5 890 руб.
NIKE AIR MAX 95 WHITE (35-45),5 890 руб.
NIKE AIR MAX 95 WHITE (35-45),5 890 руб.
NIKE AIR MAX 95 WHITE (35-45),5 890 руб.
NIKE AIR MAX 97 LX SWAROVSKI ЧЕРНЫЕ (35-39),5 890 руб.
NIKE AIR MAX 97 LX SWAROVSKI ЧЕРНЫЕ (35-39),5 890 руб.
NIKE AIR MAX 97 LX SWAROVSKI ЧЕРНЫЕ (35-39),5 890 руб.
NIKE AIR MAX 97 LX SWAROVSKI ЧЕРНЫЕ (35-39),5 890 руб.
NIKE AIR MAX 97 LX SWAROVSKI ЧЕРНЫЕ (35-39),5 890 руб.
NIKE AIR MAX 97 LX SWAROVSKI ЧЕРНЫЕ (35-39),5 890 руб.
NIKE AIR MAX 97 LX SWAROVSKI ЧЕРНЫЕ (35-39),5 890 руб.
NIKE AIR MAX 97 LX SWAROVSKI ЧЕРНЫЕ (35-39),5 890 руб.
NIKE AIR MAX 97 LX SWAROVSKI ЧЕРНЫЕ (35-39),5 890 руб.
NIKE AIR MAX 97 LX SWAROVSKI ЧЕРНЫЕ (35-39),5 890 руб.
NIKE AIR MAX 97 LX SWAROVSKI ЧЕРНЫЕ (35-39),5 890 руб.
NIKE AIR MAX 97 LX SWAROVSKI ЧЕРНЫЕ (35-39),5 890 руб.
NIKE AIR MAX 97 LX SWAROVSKI ЧЕРНЫЕ (35-39),5 890 руб.
NIKE AIR MAX 97 LX SWAROVSKI ЧЕРНЫЕ (35-39),5 890 руб.
NIKE AIR MAX 97 LX SWAROVSKI ЧЕРНЫЕ (35-39),5 890 руб.
NIKE AIR MAX 97 LX SWAROVSKI ЧЕРНЫЕ (35-39),5 890 руб.
NIKE AIR MAX 97 LX SWAROVSKI ЧЕРНЫЕ (35-39),5 890 руб.
NIKE AIR MAX 97 LX SWAROVSKI ЧЕРНЫЕ (35-39),5 890 руб.
NIKE AIR MAX 97 LX SWAROVSKI ЧЕРНЫЕ (35-39),5 890 руб.
NIKE AIR MAX 97 LX SWAROVSKI ЧЕРНЫЕ (35-39),5 890 руб.
NIKE AIR MAX 97 LX SWAROVSKI ЧЕРНЫЕ (35-39),5 890 руб.
NIKE AIR MAX 97 LX SWAROVSKI ЧЕРНЫЕ (35-39),5 890 руб.
NIKE AIR MAX 97 LX SWAROVSKI ЧЕРНЫЕ (35-39),5 890 руб.
NIKE AIR MAX 97 LX SWAROVSKI ЧЕРНЫЕ (35-39),5 890 руб.
NIKE AIR MAX 97 LX SWAROVSKI ЧЕРНЫЕ (35-39),5 890 руб.
NIKE AIR MAX 97 LX SWAROVSKI ЧЕРНЫЕ (35-39),5 890 руб.
NIKE AIR MAX 97 LX SWAROVSKI ЧЕРНЫЕ (35-39),5 890 руб.
NIKE AIR MAX 97 LX SWAROVSKI ЧЕРНЫЕ (35-39),5 890 руб.
NIKE AIR MAX 97 LX SWAROVSKI ЧЕРНЫЕ (35-39),5 890 руб.
NIKE AIR MAX 97 LX SWAROVSKI ЧЕРНЫЕ (35-39),5 890 руб.
CONVERSE ALL STAR BLACK ЧЕРНЫЕ (35-45),4 390 руб.
CONVERSE ALL STAR BLACK ЧЕРНЫЕ (35-45),4 390 руб.
CONVERSE ALL STAR BLACK ЧЕРНЫЕ (35-45),4 390 руб.
CONVERSE ALL STAR BLACK ЧЕРНЫЕ (35-45),4 390 руб.
CONVERSE ALL STAR BLACK ЧЕРНЫЕ (35-45),4 390 руб.
CONVERSE ALL STAR BLACK ЧЕРНЫЕ (35-45),4 390 руб.
CONVERSE ALL STAR BLACK ЧЕРНЫЕ (35-45),4 390 руб.
CONVERSE ALL STAR BLACK ЧЕРНЫЕ (35-45),4 390 руб.
CONVERSE ALL STAR BLACK ЧЕРНЫЕ (35-45),4 390 руб.
CONVERSE ALL STAR BLACK ЧЕРНЫЕ (35-45),4 390 руб.
CONVERSE ALL STAR BLACK ЧЕРНЫЕ (35-45),4 390 руб.
CONVERSE ALL STAR BLACK ЧЕРНЫЕ (35-45),4 390 руб.
CONVERSE ALL STAR BLACK ЧЕРНЫЕ (35-45),4 390 руб.
CONVERSE ALL STAR BLACK ЧЕРНЫЕ (35-45),4 390 руб.
CONVERSE ALL STAR BLACK ЧЕРНЫЕ (35-45),4 390 руб.
CONVERSE ALL STAR BLACK ЧЕРНЫЕ (35-45),4 390 руб.
CONVERSE ALL STAR BLACK ЧЕРНЫЕ (35-45),4 390 руб.
CONVERSE ALL STAR BLACK ЧЕРНЫЕ (35-45),4 390 руб.
CONVERSE ALL STAR BLACK ЧЕРНЫЕ (35-45),4 390 руб.
CONVERSE ALL STAR BLACK ЧЕРНЫЕ (35-45),4 390 руб.
CONVERSE ALL STAR BLACK ЧЕРНЫЕ (35-45),4 390 руб.
CONVERSE ALL STAR BLACK ЧЕРНЫЕ (35-45),4 390 руб.
CONVERSE ALL STAR BLACK ЧЕРНЫЕ (35-45),4 390 руб.
CONVERSE ALL STAR BLACK ЧЕРНЫЕ (35-45),4 390 руб.
CONVERSE ALL STAR BLACK ЧЕРНЫЕ (35-45),4 390 руб.
CONVERSE ALL STAR BLACK ЧЕРНЫЕ (35-45),4 390 руб.
CONVERSE ALL STAR BLACK ЧЕРНЫЕ (35-45),4 390 руб.
CONVERSE ALL STAR BLACK ЧЕРНЫЕ (35-45),4 390 руб.
CONVERSE ALL STAR BLACK ЧЕРНЫЕ (35-45),4 390 руб.
CONVERSE ALL STAR BLACK ЧЕРНЫЕ (35-45),4 390 руб.
ЗИМНИЕ NEW BALANCE 574 С МЕХОМ КОЖА BLACK (36-44),6 490 руб.
ЗИМНИЕ NEW BALANCE 574 С МЕХОМ КОЖА BLACK (36-44),6 490 руб.
ЗИМНИЕ NEW BALANCE 574 С МЕХОМ КОЖА BLACK (36-44),6 490 руб.
ЗИМНИЕ NEW BALANCE 574 С МЕХОМ КОЖА BLACK (36-44),6 490 руб.
ЗИМНИЕ NEW BALANCE 574 С МЕХОМ КОЖА BLACK (36-44),6 490 руб.
ЗИМНИЕ NEW BALANCE 574 С МЕХОМ КОЖА BLACK (36-44),6 490 руб.
ЗИМНИЕ NEW BALANCE 574 С МЕХОМ КОЖА BLACK (36-44),6 490 руб.
ЗИМНИЕ NEW BALANCE 574 С МЕХОМ КОЖА BLACK (36-44),6 490 руб.
ЗИМНИЕ NEW BALANCE 574 С МЕХОМ КОЖА BLACK (36-44),6 490 руб.
ЗИМНИЕ NEW BALANCE 574 С МЕХОМ КОЖА BLACK (36-44),6 490 руб.
ЗИМНИЕ NEW BALANCE 574 С МЕХОМ КОЖА BLACK (36-44),6 490 руб.
ЗИМНИЕ NEW BALANCE 574 С МЕХОМ КОЖА BLACK (36-44),6 490 руб.
ЗИМНИЕ NEW BALANCE 574 С МЕХОМ КОЖА BLACK (36-44),6 490 руб.
ЗИМНИЕ NEW BALANCE 574 С МЕХОМ КОЖА BLACK (36-44),6 490 руб.
ЗИМНИЕ NEW BALANCE 574 С МЕХОМ КОЖА BLACK (36-44),6 490 руб.
ЗИМНИЕ NEW BALANCE 574 С МЕХОМ КОЖА BLACK (36-44),6 490 руб.
ЗИМНИЕ NEW BALANCE 574 С МЕХОМ КОЖА BLACK (36-44),6 490 руб.
ЗИМНИЕ NEW BALANCE 574 С МЕХОМ КОЖА BLACK (36-44),6 490 руб.
ЗИМНИЕ NEW BALANCE 574 С МЕХОМ КОЖА BLACK (36-44),6 490 руб.
ЗИМНИЕ NEW BALANCE 574 С МЕХОМ КОЖА BLACK (36-44),6 490 руб.
ЗИМНИЕ NEW BALANCE 574 С МЕХОМ КОЖА BLACK (36-44),6 490 руб.
ЗИМНИЕ NEW BALANCE 574 С МЕХОМ КОЖА BLACK (36-44),6 490 руб.
ЗИМНИЕ NEW BALANCE 574 С МЕХОМ КОЖА BLACK (36-44),6 490 руб.
ЗИМНИЕ NEW BALANCE 574 С МЕХОМ КОЖА BLACK (36-44),6 490 руб.
ЗИМНИЕ NEW BALANCE 574 С МЕХОМ КОЖА BLACK (36-44),6 490 руб.
ЗИМНИЕ NEW BALANCE 574 С МЕХОМ КОЖА BLACK (36-44),6 490 руб.
ЗИМНИЕ NEW BALANCE 574 С МЕХОМ КОЖА BLACK (36-44),6 490 руб.
ЗИМНИЕ NEW BALANCE 574 С МЕХОМ КОЖА BLACK (36-44),6 490 руб.
ЗИМНИЕ NEW BALANCE 574 С МЕХОМ КОЖА BLACK (36-44),6 490 руб.
ЗИМНИЕ NEW BALANCE 574 С МЕХОМ КОЖА BLACK (36-44),6 490 руб.
ЗИМНИЕ NEW BALANCE 574 HIGH ЗАМША ФИОЛЕТОВЫЕ (36-40),6 590 руб.
ЗИМНИЕ NEW BALANCE 574 HIGH ЗАМША ФИОЛЕТОВЫЕ (36-40),6 590 руб.
ЗИМНИЕ NEW BALANCE 574 HIGH ЗАМША ФИОЛЕТОВЫЕ (36-40),6 590 руб.
ЗИМНИЕ NEW BALANCE 574 HIGH ЗАМША ФИОЛЕТОВЫЕ (36-40),6 590 руб.
ЗИМНИЕ NEW BALANCE 574 HIGH ЗАМША ФИОЛЕТОВЫЕ (36-40),6 590 руб.
ЗИМНИЕ NEW BALANCE 574 HIGH ЗАМША ФИОЛЕТОВЫЕ (36-40),6 590 руб.
ЗИМНИЕ NEW BALANCE 574 HIGH ЗАМША ФИОЛЕТОВЫЕ (36-40),6 590 руб.
ЗИМНИЕ NEW BALANCE 574 HIGH ЗАМША ФИОЛЕТОВЫЕ (36-40),6 590 руб.
ЗИМНИЕ NEW BALANCE 574 HIGH ЗАМША ФИОЛЕТОВЫЕ (36-40),6 590 руб.
ЗИМНИЕ NEW BALANCE 574 HIGH ЗАМША ФИОЛЕТОВЫЕ (36-40),6 590 руб.
ЗИМНИЕ NEW BALANCE 574 HIGH ЗАМША ФИОЛЕТОВЫЕ (36-40),6 590 руб.
ЗИМНИЕ NEW BALANCE 574 HIGH ЗАМША ФИОЛЕТОВЫЕ (36-40),6 590 руб.
ЗИМНИЕ NEW BALANCE 574 HIGH ЗАМША ФИОЛЕТОВЫЕ (36-40),6 590 руб.
ЗИМНИЕ NEW BALANCE 574 HIGH ЗАМША ФИОЛЕТОВЫЕ (36-40),6 590 руб.
ЗИМНИЕ NEW BALANCE 574 HIGH ЗАМША ФИОЛЕТОВЫЕ (36-40),6 590 руб.
ЗИМНИЕ NEW BALANCE 574 HIGH ЗАМША ФИОЛЕТОВЫЕ (36-40),6 590 руб.
ЗИМНИЕ NEW BALANCE 574 HIGH ЗАМША ФИОЛЕТОВЫЕ (36-40),6 590 руб.
ЗИМНИЕ NEW BALANCE 574 HIGH ЗАМША ФИОЛЕТОВЫЕ (36-40),6 590 руб.
ЗИМНИЕ NEW BALANCE 574 HIGH ЗАМША ФИОЛЕТОВЫЕ (36-40),6 590 руб.
ЗИМНИЕ NEW BALANCE 574 HIGH ЗАМША ФИОЛЕТОВЫЕ (36-40),6 590 руб.
ЗИМНИЕ NEW BALANCE 574 HIGH ЗАМША ФИОЛЕТОВЫЕ (36-40),6 590 руб.
ЗИМНИЕ NEW BALANCE 574 HIGH ЗАМША ФИОЛЕТОВЫЕ (36-40),6 590 руб.
ЗИМНИЕ NEW BALANCE 574 HIGH ЗАМША ФИОЛЕТОВЫЕ (36-40),6 590 руб.
ЗИМНИЕ NEW BALANCE 574 HIGH ЗАМША ФИОЛЕТОВЫЕ (36-40),6 590 руб.
ЗИМНИЕ NEW BALANCE 574 HIGH ЗАМША ФИОЛЕТОВЫЕ (36-40),6 590 руб.
ЗИМНИЕ NEW BALANCE 574 HIGH ЗАМША ФИОЛЕТОВЫЕ (36-40),6 590 руб.
ЗИМНИЕ NEW BALANCE 574 HIGH ЗАМША ФИОЛЕТОВЫЕ (36-40),6 590 руб.
ЗИМНИЕ NEW BALANCE 574 HIGH ЗАМША ФИОЛЕТОВЫЕ (36-40),6 590 руб.
ЗИМНИЕ NEW BALANCE 574 HIGH ЗАМША ФИОЛЕТОВЫЕ (36-40),6 590 руб.
ЗИМНИЕ NEW BALANCE 574 HIGH ЗАМША ФИОЛЕТОВЫЕ (36-40),6 590 руб.
NEW BALANCE 670 ЧЕРНЫЕ С БЕЛЫМ (35-44),5 790 руб.
NEW BALANCE 670 ЧЕРНЫЕ С БЕЛЫМ (35-44),5 790 руб.
NEW BALANCE 670 ЧЕРНЫЕ С БЕЛЫМ (35-44),5 790 руб.
NEW BALANCE 670 ЧЕРНЫЕ С БЕЛЫМ (35-44),5 790 руб.
NEW BALANCE 670 ЧЕРНЫЕ С БЕЛЫМ (35-44),5 790 руб.
NEW BALANCE 670 ЧЕРНЫЕ С БЕЛЫМ (35-44),5 790 руб.
NEW BALANCE 670 ЧЕРНЫЕ С БЕЛЫМ (35-44),5 790 руб.
NEW BALANCE 670 ЧЕРНЫЕ С БЕЛЫМ (35-44),5 790 руб.
NEW BALANCE 670 ЧЕРНЫЕ С БЕЛЫМ (35-44),5 790 руб.
NEW BALANCE 670 ЧЕРНЫЕ С БЕЛЫМ (35-44),5 790 руб.
NEW BALANCE 670 ЧЕРНЫЕ С БЕЛЫМ (35-44),5 790 руб.
NEW BALANCE 670 ЧЕРНЫЕ С БЕЛЫМ (35-44),5 790 руб.
NEW BALANCE 670 ЧЕРНЫЕ С БЕЛЫМ (35-44),5 790 руб.
NEW BALANCE 670 ЧЕРНЫЕ С БЕЛЫМ (35-44),5 790 руб.
NEW BALANCE 670 ЧЕРНЫЕ С БЕЛЫМ (35-44),5 790 руб.
NEW BALANCE 670 ЧЕРНЫЕ С БЕЛЫМ (35-44),5 790 руб.
NEW BALANCE 670 ЧЕРНЫЕ С БЕЛЫМ (35-44),5 790 руб.
NEW BALANCE 670 ЧЕРНЫЕ С БЕЛЫМ (35-44),5 790 руб.
NEW BALANCE 670 ЧЕРНЫЕ С БЕЛЫМ (35-44),5 790 руб.
NEW BALANCE 670 ЧЕРНЫЕ С БЕЛЫМ (35-44),5 790 руб.
NEW BALANCE 670 ЧЕРНЫЕ С БЕЛЫМ (35-44),5 790 руб.
NEW BALANCE 670 ЧЕРНЫЕ С БЕЛЫМ (35-44),5 790 руб.
NEW BALANCE 670 ЧЕРНЫЕ С БЕЛЫМ (35-44),5 790 руб.
NEW BALANCE 670 ЧЕРНЫЕ С БЕЛЫМ (35-44),5 790 руб.
NEW BALANCE 670 ЧЕРНЫЕ С БЕЛЫМ (35-44),5 790 руб.
NEW BALANCE 670 ЧЕРНЫЕ С БЕЛЫМ (35-44),5 790 руб.
NEW BALANCE 670 ЧЕРНЫЕ С БЕЛЫМ (35-44),5 790 руб.
NEW BALANCE 670 ЧЕРНЫЕ С БЕЛЫМ (35-44),5 790 руб.
NEW BALANCE 670 ЧЕРНЫЕ С БЕЛЫМ (35-44),5 790 руб.
NEW BALANCE 670 ЧЕРНЫЕ С БЕЛЫМ (35-44),5 790 руб.
NEW BALANCE 991.5 СИНИЕ С КРАСНЫМ (40-44),5 890 руб.
NEW BALANCE 991.5 СИНИЕ С КРАСНЫМ (40-44),5 890 руб.
NEW BALANCE 991.5 СИНИЕ С КРАСНЫМ (40-44),5 890 руб.
NEW BALANCE 991.5 СИНИЕ С КРАСНЫМ (40-44),5 890 руб.
NEW BALANCE 991.5 СИНИЕ С КРАСНЫМ (40-44),5 890 руб.
NEW BALANCE 991.5 СИНИЕ С КРАСНЫМ (40-44),5 890 руб.
NEW BALANCE 991.5 СИНИЕ С КРАСНЫМ (40-44),5 890 руб.
NEW BALANCE 991.5 СИНИЕ С КРАСНЫМ (40-44),5 890 руб.
NEW BALANCE 991.5 СИНИЕ С КРАСНЫМ (40-44),5 890 руб.
NEW BALANCE 991.5 СИНИЕ С КРАСНЫМ (40-44),5 890 руб.
NEW BALANCE 991.5 СИНИЕ С КРАСНЫМ (40-44),5 890 руб.
NEW BALANCE 991.5 СИНИЕ С КРАСНЫМ (40-44),5 890 руб.
NEW BALANCE 991.5 СИНИЕ С КРАСНЫМ (40-44),5 890 руб.
NEW BALANCE 991.5 СИНИЕ С КРАСНЫМ (40-44),5 890 руб.
NEW BALANCE 991.5 СИНИЕ С КРАСНЫМ (40-44),5 890 руб.
NEW BALANCE 991.5 СИНИЕ С КРАСНЫМ (40-44),5 890 руб.
NEW BALANCE 991.5 СИНИЕ С КРАСНЫМ (40-44),5 890 руб.
NEW BALANCE 991.5 СИНИЕ С КРАСНЫМ (40-44),5 890 руб.
NEW BALANCE 991.5 СИНИЕ С КРАСНЫМ (40-44),5 890 руб.
NEW BALANCE 991.5 СИНИЕ С КРАСНЫМ (40-44),5 890 руб.
NEW BALANCE 991.5 СИНИЕ С КРАСНЫМ (40-44),5 890 руб.
NEW BALANCE 991.5 СИНИЕ С КРАСНЫМ (40-44),5 890 руб.
NEW BALANCE 991.5 СИНИЕ С КРАСНЫМ (40-44),5 890 руб.
NEW BALANCE 991.5 СИНИЕ С КРАСНЫМ (40-44),5 890 руб.
NEW BALANCE 991.5 СИНИЕ С КРАСНЫМ (40-44),5 890 руб.
NEW BALANCE 991.5 СИНИЕ С КРАСНЫМ (40-44),5 890 руб.
NEW BALANCE 991.5 СИНИЕ С КРАСНЫМ (40-44),5 890 руб.
NEW BALANCE 991.5 СИНИЕ С КРАСНЫМ (40-44),5 890 руб.
NEW BALANCE 991.5 СИНИЕ С КРАСНЫМ (40-44),5 890 руб.
NEW BALANCE 991.5 СИНИЕ С КРАСНЫМ (40-44),5 890 руб.
NEW BALANCE 670 ОРАНЖЕВЫЕ С ЖЕЛТЫМ И СИНИМ (35-44),5 790 руб.
NEW BALANCE 670 ОРАНЖЕВЫЕ С ЖЕЛТЫМ И СИНИМ (35-44),5 790 руб.
NEW BALANCE 670 ОРАНЖЕВЫЕ С ЖЕЛТЫМ И СИНИМ (35-44),5 790 руб.
NEW BALANCE 670 ОРАНЖЕВЫЕ С ЖЕЛТЫМ И СИНИМ (35-44),5 790 руб.
NEW BALANCE 670 ОРАНЖЕВЫЕ С ЖЕЛТЫМ И СИНИМ (35-44),5 790 руб.
NEW BALANCE 670 ОРАНЖЕВЫЕ С ЖЕЛТЫМ И СИНИМ (35-44),5 790 руб.
NEW BALANCE 670 ОРАНЖЕВЫЕ С ЖЕЛТЫМ И СИНИМ (35-44),5 790 руб.
NEW BALANCE 670 ОРАНЖЕВЫЕ С ЖЕЛТЫМ И СИНИМ (35-44),5 790 руб.
NEW BALANCE 670 ОРАНЖЕВЫЕ С ЖЕЛТЫМ И СИНИМ (35-44),5 790 руб.
NEW BALANCE 670 ОРАНЖЕВЫЕ С ЖЕЛТЫМ И СИНИМ (35-44),5 790 руб.
NEW BALANCE 670 ОРАНЖЕВЫЕ С ЖЕЛТЫМ И СИНИМ (35-44),5 790 руб.
NEW BALANCE 670 ОРАНЖЕВЫЕ С ЖЕЛТЫМ И СИНИМ (35-44),5 790 руб.
NEW BALANCE 670 ОРАНЖЕВЫЕ С ЖЕЛТЫМ И СИНИМ (35-44),5 790 руб.
NEW BALANCE 670 ОРАНЖЕВЫЕ С ЖЕЛТЫМ И СИНИМ (35-44),5 790 руб.
NEW BALANCE 670 ОРАНЖЕВЫЕ С ЖЕЛТЫМ И СИНИМ (35-44),5 790 руб.
NEW BALANCE 670 ОРАНЖЕВЫЕ С ЖЕЛТЫМ И СИНИМ (35-44),5 790 руб.
NEW BALANCE 670 ОРАНЖЕВЫЕ С ЖЕЛТЫМ И СИНИМ (35-44),5 790 руб.
NEW BALANCE 670 ОРАНЖЕВЫЕ С ЖЕЛТЫМ И СИНИМ (35-44),5 790 руб.
NEW BALANCE 670 ОРАНЖЕВЫЕ С ЖЕЛТЫМ И СИНИМ (35-44),5 790 руб.
NEW BALANCE 670 ОРАНЖЕВЫЕ С ЖЕЛТЫМ И СИНИМ (35-44),5 790 руб.
NEW BALANCE 670 ОРАНЖЕВЫЕ С ЖЕЛТЫМ И СИНИМ (35-44),5 790 руб.
NEW BALANCE 670 ОРАНЖЕВЫЕ С ЖЕЛТЫМ И СИНИМ (35-44),5 790 руб.
NEW BALANCE 670 ОРАНЖЕВЫЕ С ЖЕЛТЫМ И СИНИМ (35-44),5 790 руб.
NEW BALANCE 670 ОРАНЖЕВЫЕ С ЖЕЛТЫМ И СИНИМ (35-44),5 790 руб.
NEW BALANCE 670 ОРАНЖЕВЫЕ С ЖЕЛТЫМ И СИНИМ (35-44),5 790 руб.
NEW BALANCE 670 ОРАНЖЕВЫЕ С ЖЕЛТЫМ И СИНИМ (35-44),5 790 руб.
NEW BALANCE 670 ОРАНЖЕВЫЕ С ЖЕЛТЫМ И СИНИМ (35-44),5 790 руб.
NEW BALANCE 670 ОРАНЖЕВЫЕ С ЖЕЛТЫМ И СИНИМ (35-44),5 790 руб.
NEW BALANCE 670 ОРАНЖЕВЫЕ С ЖЕЛТЫМ И СИНИМ (35-44),5 790 руб.
NEW BALANCE 670 ОРАНЖЕВЫЕ С ЖЕЛТЫМ И СИНИМ (35-44),5 790 руб.
NEW BALANCE 515 СИНИЕ (39-44),5 790 руб.
NEW BALANCE 515 СИНИЕ (39-44),5 790 руб.
NEW BALANCE 515 СИНИЕ (39-44),5 790 руб.
NEW BALANCE 515 СИНИЕ (39-44),5 790 руб.
NEW BALANCE 515 СИНИЕ (39-44),5 790 руб.
NEW BALANCE 515 СИНИЕ (39-44),5 790 руб.
NEW BALANCE 515 СИНИЕ (39-44),5 790 руб.
NEW BALANCE 515 СИНИЕ (39-44),5 790 руб.
NEW BALANCE 515 СИНИЕ (39-44),5 790 руб.
NEW BALANCE 515 СИНИЕ (39-44),5 790 руб.
NEW BALANCE 515 СИНИЕ (39-44),5 790 руб.
NEW BALANCE 515 СИНИЕ (39-44),5 790 руб.
NEW BALANCE 515 СИНИЕ (39-44),5 790 руб.
NEW BALANCE 515 СИНИЕ (39-44),5 790 руб.
NEW BALANCE 515 СИНИЕ (39-44),5 790 руб.
NEW BALANCE 515 СИНИЕ (39-44),5 790 руб.
NEW BALANCE 515 СИНИЕ (39-44),5 790 руб.
NEW BALANCE 515 СИНИЕ (39-44),5 790 руб.
NEW BALANCE 515 СИНИЕ (39-44),5 790 руб.
NEW BALANCE 515 СИНИЕ (39-44),5 790 руб.
NEW BALANCE 515 СИНИЕ (39-44),5 790 руб.
NEW BALANCE 515 СИНИЕ (39-44),5 790 руб.
NEW BALANCE 515 СИНИЕ (39-44),5 790 руб.
NEW BALANCE 515 СИНИЕ (39-44),5 790 руб.
NEW BALANCE 515 СИНИЕ (39-44),5 790 руб.
NEW BALANCE 515 СИНИЕ (39-44),5 790 руб.
NEW BALANCE 515 СИНИЕ (39-44),5 790 руб.
NEW BALANCE 515 СИНИЕ (39-44),5 790 руб.
NEW BALANCE 515 СИНИЕ (39-44),5 790 руб.
NEW BALANCE 515 СИНИЕ (39-44),5 790 руб.
NEW BALANCE 420 СВЕТЛО-РОЗОВЫЕ С БЕЛЫМ (36-40),5 690 руб.
NEW BALANCE 420 СВЕТЛО-РОЗОВЫЕ С БЕЛЫМ (36-40),5 690 руб.
NEW BALANCE 420 СВЕТЛО-РОЗОВЫЕ С БЕЛЫМ (36-40),5 690 руб.
NEW BALANCE 420 СВЕТЛО-РОЗОВЫЕ С БЕЛЫМ (36-40),5 690 руб.
NEW BALANCE 420 СВЕТЛО-РОЗОВЫЕ С БЕЛЫМ (36-40),5 690 руб.
NEW BALANCE 420 СВЕТЛО-РОЗОВЫЕ С БЕЛЫМ (36-40),5 690 руб.
NEW BALANCE 420 СВЕТЛО-РОЗОВЫЕ С БЕЛЫМ (36-40),5 690 руб.
NEW BALANCE 420 СВЕТЛО-РОЗОВЫЕ С БЕЛЫМ (36-40),5 690 руб.
NEW BALANCE 420 СВЕТЛО-РОЗОВЫЕ С БЕЛЫМ (36-40),5 690 руб.
NEW BALANCE 420 СВЕТЛО-РОЗОВЫЕ С БЕЛЫМ (36-40),5 690 руб.
NEW BALANCE 420 СВЕТЛО-РОЗОВЫЕ С БЕЛЫМ (36-40),5 690 руб.
NEW BALANCE 420 СВЕТЛО-РОЗОВЫЕ С БЕЛЫМ (36-40),5 690 руб.
NEW BALANCE 420 СВЕТЛО-РОЗОВЫЕ С БЕЛЫМ (36-40),5 690 руб.
NEW BALANCE 420 СВЕТЛО-РОЗОВЫЕ С БЕЛЫМ (36-40),5 690 руб.
NEW BALANCE 420 СВЕТЛО-РОЗОВЫЕ С БЕЛЫМ (36-40),5 690 руб.
NEW BALANCE 420 СВЕТЛО-РОЗОВЫЕ С БЕЛЫМ (36-40),5 690 руб.
NEW BALANCE 420 СВЕТЛО-РОЗОВЫЕ С БЕЛЫМ (36-40),5 690 руб.
NEW BALANCE 420 СВЕТЛО-РОЗОВЫЕ С БЕЛЫМ (36-40),5 690 руб.
NEW BALANCE 420 СВЕТЛО-РОЗОВЫЕ С БЕЛЫМ (36-40),5 690 руб.
NEW BALANCE 420 СВЕТЛО-РОЗОВЫЕ С БЕЛЫМ (36-40),5 690 руб.
NEW BALANCE 420 СВЕТЛО-РОЗОВЫЕ С БЕЛЫМ (36-40),5 690 руб.
NEW BALANCE 420 СВЕТЛО-РОЗОВЫЕ С БЕЛЫМ (36-40),5 690 руб.
NEW BALANCE 420 СВЕТЛО-РОЗОВЫЕ С БЕЛЫМ (36-40),5 690 руб.
NEW BALANCE 420 СВЕТЛО-РОЗОВЫЕ С БЕЛЫМ (36-40),5 690 руб.
NEW BALANCE 420 СВЕТЛО-РОЗОВЫЕ С БЕЛЫМ (36-40),5 690 руб.
NEW BALANCE 420 СВЕТЛО-РОЗОВЫЕ С БЕЛЫМ (36-40),5 690 руб.
NEW BALANCE 420 СВЕТЛО-РОЗОВЫЕ С БЕЛЫМ (36-40),5 690 руб.
NEW BALANCE 420 СВЕТЛО-РОЗОВЫЕ С БЕЛЫМ (36-40),5 690 руб.
NEW BALANCE 420 СВЕТЛО-РОЗОВЫЕ С БЕЛЫМ (36-40),5 690 руб.
NEW BALANCE 420 СВЕТЛО-РОЗОВЫЕ С БЕЛЫМ (36-40),5 690 руб.
NEW BALANCE 988 ЧЕРНЫЕ С БЕЛЫМ (39-43),6 190 руб.
NEW BALANCE 988 ЧЕРНЫЕ С БЕЛЫМ (39-43),6 190 руб.
NEW BALANCE 988 ЧЕРНЫЕ С БЕЛЫМ (39-43),6 190 руб.
NEW BALANCE 988 ЧЕРНЫЕ С БЕЛЫМ (39-43),6 190 руб.
NEW BALANCE 988 ЧЕРНЫЕ С БЕЛЫМ (39-43),6 190 руб.
NEW BALANCE 988 ЧЕРНЫЕ С БЕЛЫМ (39-43),6 190 руб.
NEW BALANCE 988 ЧЕРНЫЕ С БЕЛЫМ (39-43),6 190 руб.
NEW BALANCE 988 ЧЕРНЫЕ С БЕЛЫМ (39-43),6 190 руб.
NEW BALANCE 988 ЧЕРНЫЕ С БЕЛЫМ (39-43),6 190 руб.
NEW BALANCE 988 ЧЕРНЫЕ С БЕЛЫМ (39-43),6 190 руб.
NEW BALANCE 988 ЧЕРНЫЕ С БЕЛЫМ (39-43),6 190 руб.
NEW BALANCE 988 ЧЕРНЫЕ С БЕЛЫМ (39-43),6 190 руб.
NEW BALANCE 988 ЧЕРНЫЕ С БЕЛЫМ (39-43),6 190 руб.
NEW BALANCE 988 ЧЕРНЫЕ С БЕЛЫМ (39-43),6 190 руб.
NEW BALANCE 988 ЧЕРНЫЕ С БЕЛЫМ (39-43),6 190 руб.
NEW BALANCE 988 ЧЕРНЫЕ С БЕЛЫМ (39-43),6 190 руб.
NEW BALANCE 988 ЧЕРНЫЕ С БЕЛЫМ (39-43),6 190 руб.
NEW BALANCE 988 ЧЕРНЫЕ С БЕЛЫМ (39-43),6 190 руб.
NEW BALANCE 988 ЧЕРНЫЕ С БЕЛЫМ (39-43),6 190 руб.
NEW BALANCE 988 ЧЕРНЫЕ С БЕЛЫМ (39-43),6 190 руб.
NEW BALANCE 988 ЧЕРНЫЕ С БЕЛЫМ (39-43),6 190 руб.
NEW BALANCE 988 ЧЕРНЫЕ С БЕЛЫМ (39-43),6 190 руб.
NEW BALANCE 988 ЧЕРНЫЕ С БЕЛЫМ (39-43),6 190 руб.
NEW BALANCE 988 ЧЕРНЫЕ С БЕЛЫМ (39-43),6 190 руб.
NEW BALANCE 988 ЧЕРНЫЕ С БЕЛЫМ (39-43),6 190 руб.
NEW BALANCE 988 ЧЕРНЫЕ С БЕЛЫМ (39-43),6 190 руб.
NEW BALANCE 988 ЧЕРНЫЕ С БЕЛЫМ (39-43),6 190 руб.
NEW BALANCE 988 ЧЕРНЫЕ С БЕЛЫМ (39-43),6 190 руб.
NEW BALANCE 988 ЧЕРНЫЕ С БЕЛЫМ (39-43),6 190 руб.
NEW BALANCE 988 ЧЕРНЫЕ С БЕЛЫМ (39-43),6 190 руб.
ASICS GEL LYTE 3 ЧЕРНЫЕ С КРАСНЫМ (39-44),5 890 руб.
ASICS GEL LYTE 3 ЧЕРНЫЕ С КРАСНЫМ (39-44),5 890 руб.
ASICS GEL LYTE 3 ЧЕРНЫЕ С КРАСНЫМ (39-44),5 890 руб.
ASICS GEL LYTE 3 ЧЕРНЫЕ С КРАСНЫМ (39-44),5 890 руб.
ASICS GEL LYTE 3 ЧЕРНЫЕ С КРАСНЫМ (39-44),5 890 руб.
ASICS GEL LYTE 3 ЧЕРНЫЕ С КРАСНЫМ (39-44),5 890 руб.
ASICS GEL LYTE 3 ЧЕРНЫЕ С КРАСНЫМ (39-44),5 890 руб.
ASICS GEL LYTE 3 ЧЕРНЫЕ С КРАСНЫМ (39-44),5 890 руб.
ASICS GEL LYTE 3 ЧЕРНЫЕ С КРАСНЫМ (39-44),5 890 руб.
ASICS GEL LYTE 3 ЧЕРНЫЕ С КРАСНЫМ (39-44),5 890 руб.
ASICS GEL LYTE 3 ЧЕРНЫЕ С КРАСНЫМ (39-44),5 890 руб.
ASICS GEL LYTE 3 ЧЕРНЫЕ С КРАСНЫМ (39-44),5 890 руб.
ASICS GEL LYTE 3 ЧЕРНЫЕ С КРАСНЫМ (39-44),5 890 руб.
ASICS GEL LYTE 3 ЧЕРНЫЕ С КРАСНЫМ (39-44),5 890 руб.
ASICS GEL LYTE 3 ЧЕРНЫЕ С КРАСНЫМ (39-44),5 890 руб.
ASICS GEL LYTE 3 ЧЕРНЫЕ С КРАСНЫМ (39-44),5 890 руб.
ASICS GEL LYTE 3 ЧЕРНЫЕ С КРАСНЫМ (39-44),5 890 руб.
ASICS GEL LYTE 3 ЧЕРНЫЕ С КРАСНЫМ (39-44),5 890 руб.
ASICS GEL LYTE 3 ЧЕРНЫЕ С КРАСНЫМ (39-44),5 890 руб.
ASICS GEL LYTE 3 ЧЕРНЫЕ С КРАСНЫМ (39-44),5 890 руб.
ASICS GEL LYTE 3 ЧЕРНЫЕ С КРАСНЫМ (39-44),5 890 руб.
ASICS GEL LYTE 3 ЧЕРНЫЕ С КРАСНЫМ (39-44),5 890 руб.
ASICS GEL LYTE 3 ЧЕРНЫЕ С КРАСНЫМ (39-44),5 890 руб.
ASICS GEL LYTE 3 ЧЕРНЫЕ С КРАСНЫМ (39-44),5 890 руб.
ASICS GEL LYTE 3 ЧЕРНЫЕ С КРАСНЫМ (39-44),5 890 руб.
ASICS GEL LYTE 3 ЧЕРНЫЕ С КРАСНЫМ (39-44),5 890 руб.
ASICS GEL LYTE 3 ЧЕРНЫЕ С КРАСНЫМ (39-44),5 890 руб.
ASICS GEL LYTE 3 ЧЕРНЫЕ С КРАСНЫМ (39-44),5 890 руб.
ASICS GEL LYTE 3 ЧЕРНЫЕ С КРАСНЫМ (39-44),5 890 руб.
ASICS GEL LYTE 3 ЧЕРНЫЕ С КРАСНЫМ (39-44),5 890 руб.
NEW BALANCE 999 СЕРЫЕ (36-44),5 790 руб.
NEW BALANCE 999 СЕРЫЕ (36-44),5 790 руб.
NEW BALANCE 999 СЕРЫЕ (36-44),5 790 руб.
NEW BALANCE 999 СЕРЫЕ (36-44),5 790 руб.
NEW BALANCE 999 СЕРЫЕ (36-44),5 790 руб.
NEW BALANCE 999 СЕРЫЕ (36-44),5 790 руб.
NEW BALANCE 999 СЕРЫЕ (36-44),5 790 руб.
NEW BALANCE 999 СЕРЫЕ (36-44),5 790 руб.
NEW BALANCE 999 СЕРЫЕ (36-44),5 790 руб.
NEW BALANCE 999 СЕРЫЕ (36-44),5 790 руб.
NEW BALANCE 999 СЕРЫЕ (36-44),5 790 руб.
NEW BALANCE 999 СЕРЫЕ (36-44),5 790 руб.
NEW BALANCE 999 СЕРЫЕ (36-44),5 790 руб.
NEW BALANCE 999 СЕРЫЕ (36-44),5 790 руб.
NEW BALANCE 999 СЕРЫЕ (36-44),5 790 руб.
NEW BALANCE 999 СЕРЫЕ (36-44),5 790 руб.
NEW BALANCE 999 СЕРЫЕ (36-44),5 790 руб.
NEW BALANCE 999 СЕРЫЕ (36-44),5 790 руб.
NEW BALANCE 999 СЕРЫЕ (36-44),5 790 руб.
NEW BALANCE 999 СЕРЫЕ (36-44),5 790 руб.
NEW BALANCE 999 СЕРЫЕ (36-44),5 790 руб.
NEW BALANCE 999 СЕРЫЕ (36-44),5 790 руб.
NEW BALANCE 999 СЕРЫЕ (36-44),5 790 руб.
NEW BALANCE 999 СЕРЫЕ (36-44),5 790 руб.
NEW BALANCE 999 СЕРЫЕ (36-44),5 790 руб.
NEW BALANCE 999 СЕРЫЕ (36-44),5 790 руб.
NEW BALANCE 999 СЕРЫЕ (36-44),5 790 руб.
NEW BALANCE 999 СЕРЫЕ (36-44),5 790 руб.
NEW BALANCE 999 СЕРЫЕ (36-44),5 790 руб.
NEW BALANCE 999 СЕРЫЕ (36-44),5 790 руб.
NIKE AIR HUARACHE RUN WOLF СЕРЫЕ (40-45),5 890 руб.
NIKE AIR HUARACHE RUN WOLF СЕРЫЕ (40-45),5 890 руб.
NIKE AIR HUARACHE RUN WOLF СЕРЫЕ (40-45),5 890 руб.
NIKE AIR HUARACHE RUN WOLF СЕРЫЕ (40-45),5 890 руб.
NIKE AIR HUARACHE RUN WOLF СЕРЫЕ (40-45),5 890 руб.
NIKE AIR HUARACHE RUN WOLF СЕРЫЕ (40-45),5 890 руб.
NIKE AIR HUARACHE RUN WOLF СЕРЫЕ (40-45),5 890 руб.
NIKE AIR HUARACHE RUN WOLF СЕРЫЕ (40-45),5 890 руб.
NIKE AIR HUARACHE RUN WOLF СЕРЫЕ (40-45),5 890 руб.
NIKE AIR HUARACHE RUN WOLF СЕРЫЕ (40-45),5 890 руб.
NIKE AIR HUARACHE RUN WOLF СЕРЫЕ (40-45),5 890 руб.
NIKE AIR HUARACHE RUN WOLF СЕРЫЕ (40-45),5 890 руб.
NIKE AIR HUARACHE RUN WOLF СЕРЫЕ (40-45),5 890 руб.
NIKE AIR HUARACHE RUN WOLF СЕРЫЕ (40-45),5 890 руб.
NIKE AIR HUARACHE RUN WOLF СЕРЫЕ (40-45),5 890 руб.
NIKE AIR HUARACHE RUN WOLF СЕРЫЕ (40-45),5 890 руб.
NIKE AIR HUARACHE RUN WOLF СЕРЫЕ (40-45),5 890 руб.
NIKE AIR HUARACHE RUN WOLF СЕРЫЕ (40-45),5 890 руб.
NIKE AIR HUARACHE RUN WOLF СЕРЫЕ (40-45),5 890 руб.
NIKE AIR HUARACHE RUN WOLF СЕРЫЕ (40-45),5 890 руб.
NIKE AIR HUARACHE RUN WOLF СЕРЫЕ (40-45),5 890 руб.
NIKE AIR HUARACHE RUN WOLF СЕРЫЕ (40-45),5 890 руб.
NIKE AIR HUARACHE RUN WOLF СЕРЫЕ (40-45),5 890 руб.
NIKE AIR HUARACHE RUN WOLF СЕРЫЕ (40-45),5 890 руб.
NIKE AIR HUARACHE RUN WOLF СЕРЫЕ (40-45),5 890 руб.
NIKE AIR HUARACHE RUN WOLF СЕРЫЕ (40-45),5 890 руб.
NIKE AIR HUARACHE RUN WOLF СЕРЫЕ (40-45),5 890 руб.
NIKE AIR HUARACHE RUN WOLF СЕРЫЕ (40-45),5 890 руб.
NIKE AIR HUARACHE RUN WOLF СЕРЫЕ (40-45),5 890 руб.
NIKE AIR HUARACHE RUN WOLF СЕРЫЕ (40-45),5 890 руб.
NIKE AIR MAX 87 ГОЛУБЫЕ С СИНИМ (35-40),5 790 руб.
NIKE AIR MAX 87 ГОЛУБЫЕ С СИНИМ (35-40),5 790 руб.
NIKE AIR MAX 87 ГОЛУБЫЕ С СИНИМ (35-40),5 790 руб.
NIKE AIR MAX 87 ГОЛУБЫЕ С СИНИМ (35-40),5 790 руб.
NIKE AIR MAX 87 ГОЛУБЫЕ С СИНИМ (35-40),5 790 руб.
NIKE AIR MAX 87 ГОЛУБЫЕ С СИНИМ (35-40),5 790 руб.
NIKE AIR MAX 87 ГОЛУБЫЕ С СИНИМ (35-40),5 790 руб.
NIKE AIR MAX 87 ГОЛУБЫЕ С СИНИМ (35-40),5 790 руб.
NIKE AIR MAX 87 ГОЛУБЫЕ С СИНИМ (35-40),5 790 руб.
NIKE AIR MAX 87 ГОЛУБЫЕ С СИНИМ (35-40),5 790 руб.
NIKE AIR MAX 87 ГОЛУБЫЕ С СИНИМ (35-40),5 790 руб.
NIKE AIR MAX 87 ГОЛУБЫЕ С СИНИМ (35-40),5 790 руб.
NIKE AIR MAX 87 ГОЛУБЫЕ С СИНИМ (35-40),5 790 руб.
NIKE AIR MAX 87 ГОЛУБЫЕ С СИНИМ (35-40),5 790 руб.
NIKE AIR MAX 87 ГОЛУБЫЕ С СИНИМ (35-40),5 790 руб.
NIKE AIR MAX 87 ГОЛУБЫЕ С СИНИМ (35-40),5 790 руб.
NIKE AIR MAX 87 ГОЛУБЫЕ С СИНИМ (35-40),5 790 руб.
NIKE AIR MAX 87 ГОЛУБЫЕ С СИНИМ (35-40),5 790 руб.
NIKE AIR MAX 87 ГОЛУБЫЕ С СИНИМ (35-40),5 790 руб.
NIKE AIR MAX 87 ГОЛУБЫЕ С СИНИМ (35-40),5 790 руб.
NIKE AIR MAX 87 ГОЛУБЫЕ С СИНИМ (35-40),5 790 руб.
NIKE AIR MAX 87 ГОЛУБЫЕ С СИНИМ (35-40),5 790 руб.
NIKE AIR MAX 87 ГОЛУБЫЕ С СИНИМ (35-40),5 790 руб.
NIKE AIR MAX 87 ГОЛУБЫЕ С СИНИМ (35-40),5 790 руб.
NIKE AIR MAX 87 ГОЛУБЫЕ С СИНИМ (35-40),5 790 руб.
NIKE AIR MAX 87 ГОЛУБЫЕ С СИНИМ (35-40),5 790 руб.
NIKE AIR MAX 87 ГОЛУБЫЕ С СИНИМ (35-40),5 790 руб.
NIKE AIR MAX 87 ГОЛУБЫЕ С СИНИМ (35-40),5 790 руб.
NIKE AIR MAX 87 ГОЛУБЫЕ С СИНИМ (35-40),5 790 руб.
NIKE AIR MAX 87 ГОЛУБЫЕ С СИНИМ (35-40),5 790 руб.
ADIDAS OZWEEGO RAF SIMONS X ЧЁРНЫЕ (40-43),5 890 руб.
ADIDAS OZWEEGO RAF SIMONS X ЧЁРНЫЕ (40-43),5 890 руб.
ADIDAS OZWEEGO RAF SIMONS X ЧЁРНЫЕ (40-43),5 890 руб.
ADIDAS OZWEEGO RAF SIMONS X ЧЁРНЫЕ (40-43),5 890 руб.
ADIDAS OZWEEGO RAF SIMONS X ЧЁРНЫЕ (40-43),5 890 руб.
ADIDAS OZWEEGO RAF SIMONS X ЧЁРНЫЕ (40-43),5 890 руб.
ADIDAS OZWEEGO RAF SIMONS X ЧЁРНЫЕ (40-43),5 890 руб.
ADIDAS OZWEEGO RAF SIMONS X ЧЁРНЫЕ (40-43),5 890 руб.
ADIDAS OZWEEGO RAF SIMONS X ЧЁРНЫЕ (40-43),5 890 руб.
ADIDAS OZWEEGO RAF SIMONS X ЧЁРНЫЕ (40-43),5 890 руб.
ADIDAS OZWEEGO RAF SIMONS X ЧЁРНЫЕ (40-43),5 890 руб.
ADIDAS OZWEEGO RAF SIMONS X ЧЁРНЫЕ (40-43),5 890 руб.
ADIDAS OZWEEGO RAF SIMONS X ЧЁРНЫЕ (40-43),5 890 руб.
ADIDAS OZWEEGO RAF SIMONS X ЧЁРНЫЕ (40-43),5 890 руб.
ADIDAS OZWEEGO RAF SIMONS X ЧЁРНЫЕ (40-43),5 890 руб.
ADIDAS OZWEEGO RAF SIMONS X ЧЁРНЫЕ (40-43),5 890 руб.
ADIDAS OZWEEGO RAF SIMONS X ЧЁРНЫЕ (40-43),5 890 руб.
ADIDAS OZWEEGO RAF SIMONS X ЧЁРНЫЕ (40-43),5 890 руб.
ADIDAS OZWEEGO RAF SIMONS X ЧЁРНЫЕ (40-43),5 890 руб.
ADIDAS OZWEEGO RAF SIMONS X ЧЁРНЫЕ (40-43),5 890 руб.
ADIDAS OZWEEGO RAF SIMONS X ЧЁРНЫЕ (40-43),5 890 руб.
ADIDAS OZWEEGO RAF SIMONS X ЧЁРНЫЕ (40-43),5 890 руб.
ADIDAS OZWEEGO RAF SIMONS X ЧЁРНЫЕ (40-43),5 890 руб.
ADIDAS OZWEEGO RAF SIMONS X ЧЁРНЫЕ (40-43),5 890 руб.
ADIDAS OZWEEGO RAF SIMONS X ЧЁРНЫЕ (40-43),5 890 руб.
ADIDAS OZWEEGO RAF SIMONS X ЧЁРНЫЕ (40-43),5 890 руб.
ADIDAS OZWEEGO RAF SIMONS X ЧЁРНЫЕ (40-43),5 890 руб.
ADIDAS OZWEEGO RAF SIMONS X ЧЁРНЫЕ (40-43),5 890 руб.
ADIDAS OZWEEGO RAF SIMONS X ЧЁРНЫЕ (40-43),5 890 руб.
ADIDAS OZWEEGO RAF SIMONS X ЧЁРНЫЕ (40-43),5 890 руб.
ASICS GEL LYTE 5 СВЕТЛО-СЕРЫЕ (40-45),5 890 руб.
ASICS GEL LYTE 5 СВЕТЛО-СЕРЫЕ (40-45),5 890 руб.
ASICS GEL LYTE 5 СВЕТЛО-СЕРЫЕ (40-45),5 890 руб.
ASICS GEL LYTE 5 СВЕТЛО-СЕРЫЕ (40-45),5 890 руб.
ASICS GEL LYTE 5 СВЕТЛО-СЕРЫЕ (40-45),5 890 руб.
ASICS GEL LYTE 5 СВЕТЛО-СЕРЫЕ (40-45),5 890 руб.
ASICS GEL LYTE 5 СВЕТЛО-СЕРЫЕ (40-45),5 890 руб.
ASICS GEL LYTE 5 СВЕТЛО-СЕРЫЕ (40-45),5 890 руб.
ASICS GEL LYTE 5 СВЕТЛО-СЕРЫЕ (40-45),5 890 руб.
ASICS GEL LYTE 5 СВЕТЛО-СЕРЫЕ (40-45),5 890 руб.
ASICS GEL LYTE 5 СВЕТЛО-СЕРЫЕ (40-45),5 890 руб.
ASICS GEL LYTE 5 СВЕТЛО-СЕРЫЕ (40-45),5 890 руб.
ASICS GEL LYTE 5 СВЕТЛО-СЕРЫЕ (40-45),5 890 руб.
ASICS GEL LYTE 5 СВЕТЛО-СЕРЫЕ (40-45),5 890 руб.
ASICS GEL LYTE 5 СВЕТЛО-СЕРЫЕ (40-45),5 890 руб.
ASICS GEL LYTE 5 СВЕТЛО-СЕРЫЕ (40-45),5 890 руб.
ASICS GEL LYTE 5 СВЕТЛО-СЕРЫЕ (40-45),5 890 руб.
ASICS GEL LYTE 5 СВЕТЛО-СЕРЫЕ (40-45),5 890 руб.
ASICS GEL LYTE 5 СВЕТЛО-СЕРЫЕ (40-45),5 890 руб.
ASICS GEL LYTE 5 СВЕТЛО-СЕРЫЕ (40-45),5 890 руб.
ASICS GEL LYTE 5 СВЕТЛО-СЕРЫЕ (40-45),5 890 руб.
ASICS GEL LYTE 5 СВЕТЛО-СЕРЫЕ (40-45),5 890 руб.
ASICS GEL LYTE 5 СВЕТЛО-СЕРЫЕ (40-45),5 890 руб.
ASICS GEL LYTE 5 СВЕТЛО-СЕРЫЕ (40-45),5 890 руб.
ASICS GEL LYTE 5 СВЕТЛО-СЕРЫЕ (40-45),5 890 руб.
ASICS GEL LYTE 5 СВЕТЛО-СЕРЫЕ (40-45),5 890 руб.
ASICS GEL LYTE 5 СВЕТЛО-СЕРЫЕ (40-45),5 890 руб.
ASICS GEL LYTE 5 СВЕТЛО-СЕРЫЕ (40-45),5 890 руб.
ASICS GEL LYTE 5 СВЕТЛО-СЕРЫЕ (40-45),5 890 руб.
ASICS GEL LYTE 5 СВЕТЛО-СЕРЫЕ (40-45),5 890 руб.
"PUMA BY RIHANNA CREEPER ""VELVET"" (BLACK) 36-39",5 490 руб.
"PUMA BY RIHANNA CREEPER ""VELVET"" (BLACK) 36-39",5 490 руб.
"PUMA BY RIHANNA CREEPER ""VELVET"" (BLACK) 36-39",5 490 руб.
"PUMA BY RIHANNA CREEPER ""VELVET"" (BLACK) 36-39",5 490 руб.
"PUMA BY RIHANNA CREEPER ""VELVET"" (BLACK) 36-39",5 490 руб.
"PUMA BY RIHANNA CREEPER ""VELVET"" (BLACK) 36-39",5 490 руб.
"PUMA BY RIHANNA CREEPER ""VELVET"" (BLACK) 36-39",5 490 руб.
"PUMA BY RIHANNA CREEPER ""VELVET"" (BLACK) 36-39",5 490 руб.
"PUMA BY RIHANNA CREEPER ""VELVET"" (BLACK) 36-39",5 490 руб.
"PUMA BY RIHANNA CREEPER ""VELVET"" (BLACK) 36-39",5 490 руб.
"PUMA BY RIHANNA CREEPER ""VELVET"" (BLACK) 36-39",5 490 руб.
"PUMA BY RIHANNA CREEPER ""VELVET"" (BLACK) 36-39",5 490 руб.
"PUMA BY RIHANNA CREEPER ""VELVET"" (BLACK) 36-39",5 490 руб.
"PUMA BY RIHANNA CREEPER ""VELVET"" (BLACK) 36-39",5 490 руб.
"PUMA BY RIHANNA CREEPER ""VELVET"" (BLACK) 36-39",5 490 руб.
"PUMA BY RIHANNA CREEPER ""VELVET"" (BLACK) 36-39",5 490 руб.
"PUMA BY RIHANNA CREEPER ""VELVET"" (BLACK) 36-39",5 490 руб.
"PUMA BY RIHANNA CREEPER ""VELVET"" (BLACK) 36-39",5 490 руб.
"PUMA BY RIHANNA CREEPER ""VELVET"" (BLACK) 36-39",5 490 руб.
"PUMA BY RIHANNA CREEPER ""VELVET"" (BLACK) 36-39",5 490 руб.
"PUMA BY RIHANNA CREEPER ""VELVET"" (BLACK) 36-39",5 490 руб.
"PUMA BY RIHANNA CREEPER ""VELVET"" (BLACK) 36-39",5 490 руб.
"PUMA BY RIHANNA CREEPER ""VELVET"" (BLACK) 36-39",5 490 руб.
"PUMA BY RIHANNA CREEPER ""VELVET"" (BLACK) 36-39",5 490 руб.
"PUMA BY RIHANNA CREEPER ""VELVET"" (BLACK) 36-39",5 490 руб.
"PUMA BY RIHANNA CREEPER ""VELVET"" (BLACK) 36-39",5 490 руб.
"PUMA BY RIHANNA CREEPER ""VELVET"" (BLACK) 36-39",5 490 руб.
"PUMA BY RIHANNA CREEPER ""VELVET"" (BLACK) 36-39",5 490 руб.
"PUMA BY RIHANNA CREEPER ""VELVET"" (BLACK) 36-39",5 490 руб.
"PUMA BY RIHANNA CREEPER ""VELVET"" (BLACK) 36-39",5 490 руб.
UNDER ARMOUR CURRY ONE СЕРЫЕ С ЗЕЛЕНЫМ (40-44),6 890 руб.
UNDER ARMOUR CURRY ONE СЕРЫЕ С ЗЕЛЕНЫМ (40-44),6 890 руб.
UNDER ARMOUR CURRY ONE СЕРЫЕ С ЗЕЛЕНЫМ (40-44),6 890 руб.
UNDER ARMOUR CURRY ONE СЕРЫЕ С ЗЕЛЕНЫМ (40-44),6 890 руб.
UNDER ARMOUR CURRY ONE СЕРЫЕ С ЗЕЛЕНЫМ (40-44),6 890 руб.
UNDER ARMOUR CURRY ONE СЕРЫЕ С ЗЕЛЕНЫМ (40-44),6 890 руб.
UNDER ARMOUR CURRY ONE СЕРЫЕ С ЗЕЛЕНЫМ (40-44),6 890 руб.
UNDER ARMOUR CURRY ONE СЕРЫЕ С ЗЕЛЕНЫМ (40-44),6 890 руб.
UNDER ARMOUR CURRY ONE СЕРЫЕ С ЗЕЛЕНЫМ (40-44),6 890 руб.
UNDER ARMOUR CURRY ONE СЕРЫЕ С ЗЕЛЕНЫМ (40-44),6 890 руб.
UNDER ARMOUR CURRY ONE СЕРЫЕ С ЗЕЛЕНЫМ (40-44),6 890 руб.
UNDER ARMOUR CURRY ONE СЕРЫЕ С ЗЕЛЕНЫМ (40-44),6 890 руб.
UNDER ARMOUR CURRY ONE СЕРЫЕ С ЗЕЛЕНЫМ (40-44),6 890 руб.
UNDER ARMOUR CURRY ONE СЕРЫЕ С ЗЕЛЕНЫМ (40-44),6 890 руб.
UNDER ARMOUR CURRY ONE СЕРЫЕ С ЗЕЛЕНЫМ (40-44),6 890 руб.
UNDER ARMOUR CURRY ONE СЕРЫЕ С ЗЕЛЕНЫМ (40-44),6 890 руб.
UNDER ARMOUR CURRY ONE СЕРЫЕ С ЗЕЛЕНЫМ (40-44),6 890 руб.
UNDER ARMOUR CURRY ONE СЕРЫЕ С ЗЕЛЕНЫМ (40-44),6 890 руб.
UNDER ARMOUR CURRY ONE СЕРЫЕ С ЗЕЛЕНЫМ (40-44),6 890 руб.
UNDER ARMOUR CURRY ONE СЕРЫЕ С ЗЕЛЕНЫМ (40-44),6 890 руб.
UNDER ARMOUR CURRY ONE СЕРЫЕ С ЗЕЛЕНЫМ (40-44),6 890 руб.
UNDER ARMOUR CURRY ONE СЕРЫЕ С ЗЕЛЕНЫМ (40-44),6 890 руб.
UNDER ARMOUR CURRY ONE СЕРЫЕ С ЗЕЛЕНЫМ (40-44),6 890 руб.
UNDER ARMOUR CURRY ONE СЕРЫЕ С ЗЕЛЕНЫМ (40-44),6 890 руб.
UNDER ARMOUR CURRY ONE СЕРЫЕ С ЗЕЛЕНЫМ (40-44),6 890 руб.
UNDER ARMOUR CURRY ONE СЕРЫЕ С ЗЕЛЕНЫМ (40-44),6 890 руб.
UNDER ARMOUR CURRY ONE СЕРЫЕ С ЗЕЛЕНЫМ (40-44),6 890 руб.
UNDER ARMOUR CURRY ONE СЕРЫЕ С ЗЕЛЕНЫМ (40-44),6 890 руб.
UNDER ARMOUR CURRY ONE СЕРЫЕ С ЗЕЛЕНЫМ (40-44),6 890 руб.
UNDER ARMOUR CURRY ONE СЕРЫЕ С ЗЕЛЕНЫМ (40-44),6 890 руб.
NEW BALANCE 247 ЧЕРНЫЕ С СИНИМ (39-43),5 690 руб.
NEW BALANCE 247 ЧЕРНЫЕ С СИНИМ (39-43),5 690 руб.
NEW BALANCE 247 ЧЕРНЫЕ С СИНИМ (39-43),5 690 руб.
NEW BALANCE 247 ЧЕРНЫЕ С СИНИМ (39-43),5 690 руб.
NEW BALANCE 247 ЧЕРНЫЕ С СИНИМ (39-43),5 690 руб.
NEW BALANCE 247 ЧЕРНЫЕ С СИНИМ (39-43),5 690 руб.
NEW BALANCE 247 ЧЕРНЫЕ С СИНИМ (39-43),5 690 руб.
NEW BALANCE 247 ЧЕРНЫЕ С СИНИМ (39-43),5 690 руб.
NEW BALANCE 247 ЧЕРНЫЕ С СИНИМ (39-43),5 690 руб.
NEW BALANCE 247 ЧЕРНЫЕ С СИНИМ (39-43),5 690 руб.
NEW BALANCE 247 ЧЕРНЫЕ С СИНИМ (39-43),5 690 руб.
NEW BALANCE 247 ЧЕРНЫЕ С СИНИМ (39-43),5 690 руб.
NEW BALANCE 247 ЧЕРНЫЕ С СИНИМ (39-43),5 690 руб.
NEW BALANCE 247 ЧЕРНЫЕ С СИНИМ (39-43),5 690 руб.
NEW BALANCE 247 ЧЕРНЫЕ С СИНИМ (39-43),5 690 руб.
NEW BALANCE 247 ЧЕРНЫЕ С СИНИМ (39-43),5 690 руб.
NEW BALANCE 247 ЧЕРНЫЕ С СИНИМ (39-43),5 690 руб.
NEW BALANCE 247 ЧЕРНЫЕ С СИНИМ (39-43),5 690 руб.
NEW BALANCE 247 ЧЕРНЫЕ С СИНИМ (39-43),5 690 руб.
NEW BALANCE 247 ЧЕРНЫЕ С СИНИМ (39-43),5 690 руб.
NEW BALANCE 247 ЧЕРНЫЕ С СИНИМ (39-43),5 690 руб.
NEW BALANCE 247 ЧЕРНЫЕ С СИНИМ (39-43),5 690 руб.
NEW BALANCE 247 ЧЕРНЫЕ С СИНИМ (39-43),5 690 руб.
NEW BALANCE 247 ЧЕРНЫЕ С СИНИМ (39-43),5 690 руб.
NEW BALANCE 247 ЧЕРНЫЕ С СИНИМ (39-43),5 690 руб.
NEW BALANCE 247 ЧЕРНЫЕ С СИНИМ (39-43),5 690 руб.
NEW BALANCE 247 ЧЕРНЫЕ С СИНИМ (39-43),5 690 руб.
NEW BALANCE 247 ЧЕРНЫЕ С СИНИМ (39-43),5 690 руб.
NEW BALANCE 247 ЧЕРНЫЕ С СИНИМ (39-43),5 690 руб.
NEW BALANCE 247 ЧЕРНЫЕ С СИНИМ (39-43),5 690 руб.
OFF WHITE X NIKE BLAZER MID ОРАНЖЕВЫЕ (40-44),7 090 руб.
OFF WHITE X NIKE BLAZER MID ОРАНЖЕВЫЕ (40-44),7 090 руб.
OFF WHITE X NIKE BLAZER MID ОРАНЖЕВЫЕ (40-44),7 090 руб.
OFF WHITE X NIKE BLAZER MID ОРАНЖЕВЫЕ (40-44),7 090 руб.
OFF WHITE X NIKE BLAZER MID ОРАНЖЕВЫЕ (40-44),7 090 руб.
OFF WHITE X NIKE BLAZER MID ОРАНЖЕВЫЕ (40-44),7 090 руб.
OFF WHITE X NIKE BLAZER MID ОРАНЖЕВЫЕ (40-44),7 090 руб.
OFF WHITE X NIKE BLAZER MID ОРАНЖЕВЫЕ (40-44),7 090 руб.
OFF WHITE X NIKE BLAZER MID ОРАНЖЕВЫЕ (40-44),7 090 руб.
OFF WHITE X NIKE BLAZER MID ОРАНЖЕВЫЕ (40-44),7 090 руб.
OFF WHITE X NIKE BLAZER MID ОРАНЖЕВЫЕ (40-44),7 090 руб.
OFF WHITE X NIKE BLAZER MID ОРАНЖЕВЫЕ (40-44),7 090 руб.
OFF WHITE X NIKE BLAZER MID ОРАНЖЕВЫЕ (40-44),7 090 руб.
OFF WHITE X NIKE BLAZER MID ОРАНЖЕВЫЕ (40-44),7 090 руб.
OFF WHITE X NIKE BLAZER MID ОРАНЖЕВЫЕ (40-44),7 090 руб.
OFF WHITE X NIKE BLAZER MID ОРАНЖЕВЫЕ (40-44),7 090 руб.
OFF WHITE X NIKE BLAZER MID ОРАНЖЕВЫЕ (40-44),7 090 руб.
OFF WHITE X NIKE BLAZER MID ОРАНЖЕВЫЕ (40-44),7 090 руб.
OFF WHITE X NIKE BLAZER MID ОРАНЖЕВЫЕ (40-44),7 090 руб.
OFF WHITE X NIKE BLAZER MID ОРАНЖЕВЫЕ (40-44),7 090 руб.
OFF WHITE X NIKE BLAZER MID ОРАНЖЕВЫЕ (40-44),7 090 руб.
OFF WHITE X NIKE BLAZER MID ОРАНЖЕВЫЕ (40-44),7 090 руб.
OFF WHITE X NIKE BLAZER MID ОРАНЖЕВЫЕ (40-44),7 090 руб.
OFF WHITE X NIKE BLAZER MID ОРАНЖЕВЫЕ (40-44),7 090 руб.
OFF WHITE X NIKE BLAZER MID ОРАНЖЕВЫЕ (40-44),7 090 руб.
OFF WHITE X NIKE BLAZER MID ОРАНЖЕВЫЕ (40-44),7 090 руб.
OFF WHITE X NIKE BLAZER MID ОРАНЖЕВЫЕ (40-44),7 090 руб.
OFF WHITE X NIKE BLAZER MID ОРАНЖЕВЫЕ (40-44),7 090 руб.
OFF WHITE X NIKE BLAZER MID ОРАНЖЕВЫЕ (40-44),7 090 руб.
OFF WHITE X NIKE BLAZER MID ОРАНЖЕВЫЕ (40-44),7 090 руб.
NEW BALANCE 997.5 ЧЕРНО-БЕЛЫЕ (40-44),6 390 руб.
NEW BALANCE 997.5 ЧЕРНО-БЕЛЫЕ (40-44),6 390 руб.
NEW BALANCE 997.5 ЧЕРНО-БЕЛЫЕ (40-44),6 390 руб.
NEW BALANCE 997.5 ЧЕРНО-БЕЛЫЕ (40-44),6 390 руб.
NEW BALANCE 997.5 ЧЕРНО-БЕЛЫЕ (40-44),6 390 руб.
NEW BALANCE 997.5 ЧЕРНО-БЕЛЫЕ (40-44),6 390 руб.
NEW BALANCE 997.5 ЧЕРНО-БЕЛЫЕ (40-44),6 390 руб.
NEW BALANCE 997.5 ЧЕРНО-БЕЛЫЕ (40-44),6 390 руб.
NEW BALANCE 997.5 ЧЕРНО-БЕЛЫЕ (40-44),6 390 руб.
NEW BALANCE 997.5 ЧЕРНО-БЕЛЫЕ (40-44),6 390 руб.
NEW BALANCE 997.5 ЧЕРНО-БЕЛЫЕ (40-44),6 390 руб.
NEW BALANCE 997.5 ЧЕРНО-БЕЛЫЕ (40-44),6 390 руб.
NEW BALANCE 997.5 ЧЕРНО-БЕЛЫЕ (40-44),6 390 руб.
NEW BALANCE 997.5 ЧЕРНО-БЕЛЫЕ (40-44),6 390 руб.
NEW BALANCE 997.5 ЧЕРНО-БЕЛЫЕ (40-44),6 390 руб.
NEW BALANCE 997.5 ЧЕРНО-БЕЛЫЕ (40-44),6 390 руб.
NEW BALANCE 997.5 ЧЕРНО-БЕЛЫЕ (40-44),6 390 руб.
NEW BALANCE 997.5 ЧЕРНО-БЕЛЫЕ (40-44),6 390 руб.
NEW BALANCE 997.5 ЧЕРНО-БЕЛЫЕ (40-44),6 390 руб.
NEW BALANCE 997.5 ЧЕРНО-БЕЛЫЕ (40-44),6 390 руб.
NEW BALANCE 997.5 ЧЕРНО-БЕЛЫЕ (40-44),6 390 руб.
NEW BALANCE 997.5 ЧЕРНО-БЕЛЫЕ (40-44),6 390 руб.
NEW BALANCE 997.5 ЧЕРНО-БЕЛЫЕ (40-44),6 390 руб.
NEW BALANCE 997.5 ЧЕРНО-БЕЛЫЕ (40-44),6 390 руб.
NEW BALANCE 997.5 ЧЕРНО-БЕЛЫЕ (40-44),6 390 руб.
NEW BALANCE 997.5 ЧЕРНО-БЕЛЫЕ (40-44),6 390 руб.
NEW BALANCE 997.5 ЧЕРНО-БЕЛЫЕ (40-44),6 390 руб.
NEW BALANCE 997.5 ЧЕРНО-БЕЛЫЕ (40-44),6 390 руб.
NEW BALANCE 997.5 ЧЕРНО-БЕЛЫЕ (40-44),6 390 руб.
NEW BALANCE 997.5 ЧЕРНО-БЕЛЫЕ (40-44),6 390 руб.
NIKE ROSHE RUN METRIC QS ЧЕРНЫЕ (35-45),5 690 руб.
NIKE ROSHE RUN METRIC QS ЧЕРНЫЕ (35-45),5 690 руб.
NIKE ROSHE RUN METRIC QS ЧЕРНЫЕ (35-45),5 690 руб.
NIKE ROSHE RUN METRIC QS ЧЕРНЫЕ (35-45),5 690 руб.
NIKE ROSHE RUN METRIC QS ЧЕРНЫЕ (35-45),5 690 руб.
NIKE ROSHE RUN METRIC QS ЧЕРНЫЕ (35-45),5 690 руб.
NIKE ROSHE RUN METRIC QS ЧЕРНЫЕ (35-45),5 690 руб.
NIKE ROSHE RUN METRIC QS ЧЕРНЫЕ (35-45),5 690 руб.
NIKE ROSHE RUN METRIC QS ЧЕРНЫЕ (35-45),5 690 руб.
NIKE ROSHE RUN METRIC QS ЧЕРНЫЕ (35-45),5 690 руб.
NIKE ROSHE RUN METRIC QS ЧЕРНЫЕ (35-45),5 690 руб.
NIKE ROSHE RUN METRIC QS ЧЕРНЫЕ (35-45),5 690 руб.
NIKE ROSHE RUN METRIC QS ЧЕРНЫЕ (35-45),5 690 руб.
NIKE ROSHE RUN METRIC QS ЧЕРНЫЕ (35-45),5 690 руб.
NIKE ROSHE RUN METRIC QS ЧЕРНЫЕ (35-45),5 690 руб.
NIKE ROSHE RUN METRIC QS ЧЕРНЫЕ (35-45),5 690 руб.
NIKE ROSHE RUN METRIC QS ЧЕРНЫЕ (35-45),5 690 руб.
NIKE ROSHE RUN METRIC QS ЧЕРНЫЕ (35-45),5 690 руб.
NIKE ROSHE RUN METRIC QS ЧЕРНЫЕ (35-45),5 690 руб.
NIKE ROSHE RUN METRIC QS ЧЕРНЫЕ (35-45),5 690 руб.
NIKE ROSHE RUN METRIC QS ЧЕРНЫЕ (35-45),5 690 руб.
NIKE ROSHE RUN METRIC QS ЧЕРНЫЕ (35-45),5 690 руб.
NIKE ROSHE RUN METRIC QS ЧЕРНЫЕ (35-45),5 690 руб.
NIKE ROSHE RUN METRIC QS ЧЕРНЫЕ (35-45),5 690 руб.
NIKE ROSHE RUN METRIC QS ЧЕРНЫЕ (35-45),5 690 руб.
NIKE ROSHE RUN METRIC QS ЧЕРНЫЕ (35-45),5 690 руб.
NIKE ROSHE RUN METRIC QS ЧЕРНЫЕ (35-45),5 690 руб.
NIKE ROSHE RUN METRIC QS ЧЕРНЫЕ (35-45),5 690 руб.
NIKE ROSHE RUN METRIC QS ЧЕРНЫЕ (35-45),5 690 руб.
NIKE ROSHE RUN METRIC QS ЧЕРНЫЕ (35-45),5 690 руб.
REEBOK INSTA PUMP FURY OFF TG РОЗОВЫЕ (36-40),6 890 руб.
REEBOK INSTA PUMP FURY OFF TG РОЗОВЫЕ (36-40),6 890 руб.
REEBOK INSTA PUMP FURY OFF TG РОЗОВЫЕ (36-40),6 890 руб.
REEBOK INSTA PUMP FURY OFF TG РОЗОВЫЕ (36-40),6 890 руб.
REEBOK INSTA PUMP FURY OFF TG РОЗОВЫЕ (36-40),6 890 руб.
REEBOK INSTA PUMP FURY OFF TG РОЗОВЫЕ (36-40),6 890 руб.
REEBOK INSTA PUMP FURY OFF TG РОЗОВЫЕ (36-40),6 890 руб.
REEBOK INSTA PUMP FURY OFF TG РОЗОВЫЕ (36-40),6 890 руб.
REEBOK INSTA PUMP FURY OFF TG РОЗОВЫЕ (36-40),6 890 руб.
REEBOK INSTA PUMP FURY OFF TG РОЗОВЫЕ (36-40),6 890 руб.
REEBOK INSTA PUMP FURY OFF TG РОЗОВЫЕ (36-40),6 890 руб.
REEBOK INSTA PUMP FURY OFF TG РОЗОВЫЕ (36-40),6 890 руб.
REEBOK INSTA PUMP FURY OFF TG РОЗОВЫЕ (36-40),6 890 руб.
REEBOK INSTA PUMP FURY OFF TG РОЗОВЫЕ (36-40),6 890 руб.
REEBOK INSTA PUMP FURY OFF TG РОЗОВЫЕ (36-40),6 890 руб.
REEBOK INSTA PUMP FURY OFF TG РОЗОВЫЕ (36-40),6 890 руб.
REEBOK INSTA PUMP FURY OFF TG РОЗОВЫЕ (36-40),6 890 руб.
REEBOK INSTA PUMP FURY OFF TG РОЗОВЫЕ (36-40),6 890 руб.
REEBOK INSTA PUMP FURY OFF TG РОЗОВЫЕ (36-40),6 890 руб.
REEBOK INSTA PUMP FURY OFF TG РОЗОВЫЕ (36-40),6 890 руб.
REEBOK INSTA PUMP FURY OFF TG РОЗОВЫЕ (36-40),6 890 руб.
REEBOK INSTA PUMP FURY OFF TG РОЗОВЫЕ (36-40),6 890 руб.
REEBOK INSTA PUMP FURY OFF TG РОЗОВЫЕ (36-40),6 890 руб.
REEBOK INSTA PUMP FURY OFF TG РОЗОВЫЕ (36-40),6 890 руб.
REEBOK INSTA PUMP FURY OFF TG РОЗОВЫЕ (36-40),6 890 руб.
REEBOK INSTA PUMP FURY OFF TG РОЗОВЫЕ (36-40),6 890 руб.
REEBOK INSTA PUMP FURY OFF TG РОЗОВЫЕ (36-40),6 890 руб.
REEBOK INSTA PUMP FURY OFF TG РОЗОВЫЕ (36-40),6 890 руб.
REEBOK INSTA PUMP FURY OFF TG РОЗОВЫЕ (36-40),6 890 руб.
REEBOK INSTA PUMP FURY OFF TG РОЗОВЫЕ (36-40),6 890 руб.
ASICS GEL LYTE 3 «AFTER HOURS» ЗЕЛЕНЫЕ (35-45),5 890 руб.
ASICS GEL LYTE 3 «AFTER HOURS» ЗЕЛЕНЫЕ (35-45),5 890 руб.
ASICS GEL LYTE 3 «AFTER HOURS» ЗЕЛЕНЫЕ (35-45),5 890 руб.
ASICS GEL LYTE 3 «AFTER HOURS» ЗЕЛЕНЫЕ (35-45),5 890 руб.
ASICS GEL LYTE 3 «AFTER HOURS» ЗЕЛЕНЫЕ (35-45),5 890 руб.
ASICS GEL LYTE 3 «AFTER HOURS» ЗЕЛЕНЫЕ (35-45),5 890 руб.
ASICS GEL LYTE 3 «AFTER HOURS» ЗЕЛЕНЫЕ (35-45),5 890 руб.
ASICS GEL LYTE 3 «AFTER HOURS» ЗЕЛЕНЫЕ (35-45),5 890 руб.
ASICS GEL LYTE 3 «AFTER HOURS» ЗЕЛЕНЫЕ (35-45),5 890 руб.
ASICS GEL LYTE 3 «AFTER HOURS» ЗЕЛЕНЫЕ (35-45),5 890 руб.
ASICS GEL LYTE 3 «AFTER HOURS» ЗЕЛЕНЫЕ (35-45),5 890 руб.
ASICS GEL LYTE 3 «AFTER HOURS» ЗЕЛЕНЫЕ (35-45),5 890 руб.
ASICS GEL LYTE 3 «AFTER HOURS» ЗЕЛЕНЫЕ (35-45),5 890 руб.
ASICS GEL LYTE 3 «AFTER HOURS» ЗЕЛЕНЫЕ (35-45),5 890 руб.
ASICS GEL LYTE 3 «AFTER HOURS» ЗЕЛЕНЫЕ (35-45),5 890 руб.
ASICS GEL LYTE 3 «AFTER HOURS» ЗЕЛЕНЫЕ (35-45),5 890 руб.
ASICS GEL LYTE 3 «AFTER HOURS» ЗЕЛЕНЫЕ (35-45),5 890 руб.
ASICS GEL LYTE 3 «AFTER HOURS» ЗЕЛЕНЫЕ (35-45),5 890 руб.
ASICS GEL LYTE 3 «AFTER HOURS» ЗЕЛЕНЫЕ (35-45),5 890 руб.
ASICS GEL LYTE 3 «AFTER HOURS» ЗЕЛЕНЫЕ (35-45),5 890 руб.
ASICS GEL LYTE 3 «AFTER HOURS» ЗЕЛЕНЫЕ (35-45),5 890 руб.
ASICS GEL LYTE 3 «AFTER HOURS» ЗЕЛЕНЫЕ (35-45),5 890 руб.
ASICS GEL LYTE 3 «AFTER HOURS» ЗЕЛЕНЫЕ (35-45),5 890 руб.
ASICS GEL LYTE 3 «AFTER HOURS» ЗЕЛЕНЫЕ (35-45),5 890 руб.
ASICS GEL LYTE 3 «AFTER HOURS» ЗЕЛЕНЫЕ (35-45),5 890 руб.
ASICS GEL LYTE 3 «AFTER HOURS» ЗЕЛЕНЫЕ (35-45),5 890 руб.
ASICS GEL LYTE 3 «AFTER HOURS» ЗЕЛЕНЫЕ (35-45),5 890 руб.
ASICS GEL LYTE 3 «AFTER HOURS» ЗЕЛЕНЫЕ (35-45),5 890 руб.
ASICS GEL LYTE 3 «AFTER HOURS» ЗЕЛЕНЫЕ (35-45),5 890 руб.
ASICS GEL LYTE 3 «AFTER HOURS» ЗЕЛЕНЫЕ (35-45),5 890 руб.
NIKE AIR HUARACHE КРАСНЫЕ RED (35-44),5 890 руб.
NIKE AIR HUARACHE КРАСНЫЕ RED (35-44),5 890 руб.
NIKE AIR HUARACHE КРАСНЫЕ RED (35-44),5 890 руб.
NIKE AIR HUARACHE КРАСНЫЕ RED (35-44),5 890 руб.
NIKE AIR HUARACHE КРАСНЫЕ RED (35-44),5 890 руб.
NIKE AIR HUARACHE КРАСНЫЕ RED (35-44),5 890 руб.
NIKE AIR HUARACHE КРАСНЫЕ RED (35-44),5 890 руб.
NIKE AIR HUARACHE КРАСНЫЕ RED (35-44),5 890 руб.
NIKE AIR HUARACHE КРАСНЫЕ RED (35-44),5 890 руб.
NIKE AIR HUARACHE КРАСНЫЕ RED (35-44),5 890 руб.
NIKE AIR HUARACHE КРАСНЫЕ RED (35-44),5 890 руб.
NIKE AIR HUARACHE КРАСНЫЕ RED (35-44),5 890 руб.
NIKE AIR HUARACHE КРАСНЫЕ RED (35-44),5 890 руб.
NIKE AIR HUARACHE КРАСНЫЕ RED (35-44),5 890 руб.
NIKE AIR HUARACHE КРАСНЫЕ RED (35-44),5 890 руб.
NIKE AIR HUARACHE КРАСНЫЕ RED (35-44),5 890 руб.
NIKE AIR HUARACHE КРАСНЫЕ RED (35-44),5 890 руб.
NIKE AIR HUARACHE КРАСНЫЕ RED (35-44),5 890 руб.
NIKE AIR HUARACHE КРАСНЫЕ RED (35-44),5 890 руб.
NIKE AIR HUARACHE КРАСНЫЕ RED (35-44),5 890 руб.
NIKE AIR HUARACHE КРАСНЫЕ RED (35-44),5 890 руб.
NIKE AIR HUARACHE КРАСНЫЕ RED (35-44),5 890 руб.
NIKE AIR HUARACHE КРАСНЫЕ RED (35-44),5 890 руб.
NIKE AIR HUARACHE КРАСНЫЕ RED (35-44),5 890 руб.
NIKE AIR HUARACHE КРАСНЫЕ RED (35-44),5 890 руб.
NIKE AIR HUARACHE КРАСНЫЕ RED (35-44),5 890 руб.
NIKE AIR HUARACHE КРАСНЫЕ RED (35-44),5 890 руб.
NIKE AIR HUARACHE КРАСНЫЕ RED (35-44),5 890 руб.
NIKE AIR HUARACHE КРАСНЫЕ RED (35-44),5 890 руб.
NIKE AIR HUARACHE КРАСНЫЕ RED (35-44),5 890 руб.
ADIDAS Y-3 QASA HIGH СЕРЫЕ (39-44),6 090 руб.
ADIDAS Y-3 QASA HIGH СЕРЫЕ (39-44),6 090 руб.
ADIDAS Y-3 QASA HIGH СЕРЫЕ (39-44),6 090 руб.
ADIDAS Y-3 QASA HIGH СЕРЫЕ (39-44),6 090 руб.
ADIDAS Y-3 QASA HIGH СЕРЫЕ (39-44),6 090 руб.
ADIDAS Y-3 QASA HIGH СЕРЫЕ (39-44),6 090 руб.
ADIDAS Y-3 QASA HIGH СЕРЫЕ (39-44),6 090 руб.
ADIDAS Y-3 QASA HIGH СЕРЫЕ (39-44),6 090 руб.
ADIDAS Y-3 QASA HIGH СЕРЫЕ (39-44),6 090 руб.
ADIDAS Y-3 QASA HIGH СЕРЫЕ (39-44),6 090 руб.
ADIDAS Y-3 QASA HIGH СЕРЫЕ (39-44),6 090 руб.
ADIDAS Y-3 QASA HIGH СЕРЫЕ (39-44),6 090 руб.
ADIDAS Y-3 QASA HIGH СЕРЫЕ (39-44),6 090 руб.
ADIDAS Y-3 QASA HIGH СЕРЫЕ (39-44),6 090 руб.
ADIDAS Y-3 QASA HIGH СЕРЫЕ (39-44),6 090 руб.
ADIDAS Y-3 QASA HIGH СЕРЫЕ (39-44),6 090 руб.
ADIDAS Y-3 QASA HIGH СЕРЫЕ (39-44),6 090 руб.
ADIDAS Y-3 QASA HIGH СЕРЫЕ (39-44),6 090 руб.
ADIDAS Y-3 QASA HIGH СЕРЫЕ (39-44),6 090 руб.
ADIDAS Y-3 QASA HIGH СЕРЫЕ (39-44),6 090 руб.
ADIDAS Y-3 QASA HIGH СЕРЫЕ (39-44),6 090 руб.
ADIDAS Y-3 QASA HIGH СЕРЫЕ (39-44),6 090 руб.
ADIDAS Y-3 QASA HIGH СЕРЫЕ (39-44),6 090 руб.
ADIDAS Y-3 QASA HIGH СЕРЫЕ (39-44),6 090 руб.
ADIDAS Y-3 QASA HIGH СЕРЫЕ (39-44),6 090 руб.
ADIDAS Y-3 QASA HIGH СЕРЫЕ (39-44),6 090 руб.
ADIDAS Y-3 QASA HIGH СЕРЫЕ (39-44),6 090 руб.
ADIDAS Y-3 QASA HIGH СЕРЫЕ (39-44),6 090 руб.
ADIDAS Y-3 QASA HIGH СЕРЫЕ (39-44),6 090 руб.
ADIDAS Y-3 QASA HIGH СЕРЫЕ (39-44),6 090 руб.
ASICS GEL LYTE 3 ГОЛУБЫЕ-БИРЮЗОВЫЕ (35-39),5 890 руб.
ASICS GEL LYTE 3 ГОЛУБЫЕ-БИРЮЗОВЫЕ (35-39),5 890 руб.
ASICS GEL LYTE 3 ГОЛУБЫЕ-БИРЮЗОВЫЕ (35-39),5 890 руб.
